PLAYER_NAME,TEAM_ABBREVIATION,AGE,GP,MIN,PTS,REB,AST,STL,BLK,TOV,FG_PCT,FG3_PCT,FT_PCT,PLUS_MINUS,PLAYER_HEIGHT_INCHES,PLAYER_WEIGHT,DRAFT_YEAR,DRAFT_ROUND,DRAFT_NUMBER,TS%,3PAr,ORB%,DRB%,TRB%,AST%,STL%,BLK%,TOV%,USG%,OBPM,DBPM,BPM,VORP,Pos
A.J. Green,MIL,25,73,22.7,7.4,2.4,1.5,0.5,0.1,0.5,0.429,0.427,0.815,3.1,76,190,Undrafted,Undrafted,Undrafted,0.621,0.856,0.064,1.2,9.8,5.7,8.5,1.1,0.4,8.4,12.6,-1.7,-0.4,-2.2,SG
A.J. Lawson,TOR,24,26,18.7,9.1,3.3,1.2,0.5,0.2,0.6,0.421,0.327,0.683,-0.7,78,179,Undrafted,Undrafted,Undrafted,0.542,0.532,0.332,4.3,14.9,9.5,9.1,1.3,1.2,6.4,20,-1.5,-1,-2.5,SG
Aaron Gordon,DEN,29,51,28.4,14.7,4.8,3.2,0.5,0.3,1.4,0.531,0.436,0.81,5.9,80,235,2014,1,4,0.65,0.346,0.36,6.4,12.1,9.4,15,0.8,0.9,11.3,19,2.7,-1.5,1.2,PF
Aaron Holiday,HOU,28,62,12.8,5.5,1.3,1.3,0.3,0.2,0.6,0.437,0.398,0.829,1.4,72,185,2018,1,23,0.594,0.675,0.153,1.7,8.9,5.2,14.3,1.2,1.2,11.5,16.8,-0.4,0.1,-0.2,PG
Aaron Nesmith,IND,25,45,24.9,12,4,1.2,0.8,0.4,0.8,0.507,0.431,0.913,4.4,78,215,2020,1,14,0.653,0.515,0.211,3.7,13.9,8.8,6.6,1.5,1.4,8.2,17.4,0,-0.5,-0.5,SF
Aaron Wiggins,OKC,26,76,22.9,12,3.9,1.8,0.8,0.2,0.9,0.488,0.383,0.831,6.8,77,190,2021,2,55,0.596,0.466,0.122,5.1,12.9,9.1,10.6,1.7,1,8.3,20.3,1.3,-0.2,1.1,SG
Adam Flagler,OKC,25,37,5.5,1.8,0.7,0.3,0.2,0.1,0.1,0.26,0.194,0.5,0.2,75,180,Undrafted,Undrafted,Undrafted,0.335,0.75,0.021,3.8,10.3,7.1,7.3,1.9,1.5,4,21.1,-8.1,-2.3,-10.3,SG
Adem Bona,PHI,22,58,15.6,5.8,4.2,0.5,0.4,1.2,1.1,0.703,0,0.67,-1.9,82,235,2024,2,41,0.714,0.005,0.521,11.1,19.9,15.3,4.4,1.4,7.5,20.5,14.3,-2.9,0.2,-2.7,C
AJ Johnson,WAS,20,29,22,7.6,2,2.6,0.4,0.1,1.2,0.385,0.267,0.865,-5.2,77,160,2024,1,23,0.48,0.423,0.174,1.3,8.3,4.8,17.1,0.9,0.4,13.2,17.4,-5.6,-2.5,-8.1,C
Ajay Mitchell,OKC,23,36,16.6,6.5,1.9,1.8,0.7,0.1,0.8,0.495,0.383,0.829,3.5,77,190,2024,2,38,0.587,0.326,0.19,3.3,8.8,6.1,13.8,2,0.7,12.7,16.2,-2.5,0.9,-1.6,SG
Al Horford,BOS,39,60,27.6,9,6.2,2.1,0.6,0.9,0.8,0.423,0.363,0.895,6.6,81,240,2007,1,3,0.563,0.681,0.082,5.2,18.9,12.1,10.4,1.1,2.8,8.8,13.8,0.1,1.1,1.2,SG
Alec Burks,MIA,33,49,17.6,7.3,2.5,1.1,0.6,0.1,0.6,0.424,0.425,0.776,2.2,77,214,2011,1,12,0.608,0.764,0.181,1.9,13.8,7.9,9.1,1.6,0.8,9,16.5,0,0.3,0.3,C
Alex Caruso,OKC,31,54,19.3,7.1,2.9,2.5,1.6,0.6,0.7,0.446,0.353,0.824,5.9,77,186,Undrafted,Undrafted,Undrafted,0.568,0.541,0.162,4,12.2,8.2,16.6,4,2.9,9.9,15.2,0.1,3.9,4,SG
Alex Ducas,OKC,24,21,6,1.7,1.2,0.2,0.2,0,0.2,0.4,0.476,1,-1,79,220,Undrafted,Undrafted,Undrafted,0.583,0.7,0.067,7.9,14.3,11.2,4.8,1.9,0,11.5,11.8,-2.1,0.1,-2,SG
Alex Len,LAL,32,46,8.3,1.6,2.1,0.8,0.2,0.5,0.4,0.508,0.222,0.471,-3.3,84,250,2013,1,5,0.525,0.143,0.27,11.3,16.7,14,12.6,1.2,5.4,22.1,10.3,-3.9,1.2,-2.6,SG
Alex Sarr,WAS,20,67,27.1,13,6.5,2.4,0.7,1.5,1.7,0.394,0.308,0.679,-8.1,84,205,2024,1,2,0.482,0.412,0.199,7.1,17.9,12.5,13.9,1.2,5,11.2,23.5,-2.2,-1,-3.3,C
Alperen Sengun,HOU,22,76,31.5,19.1,10.3,4.9,1.1,0.8,2.6,0.496,0.233,0.692,5.4,83,243,2021,1,16,0.545,0.079,0.374,11.4,23.8,17.5,24.1,1.7,2.3,12.7,26.2,2.6,1.8,4.4,PF
Amen Thompson,HOU,22,69,32.3,14.1,8.2,3.8,1.4,1.3,2,0.557,0.275,0.684,3.9,79,200,2023,1,4,0.602,0.131,0.354,9,18.2,13.5,16.9,2.1,3.6,14.6,17.5,1.4,2.6,4.1,C
Amir Coffey,LAC,28,72,24.3,9.7,2.2,1.1,0.6,0.1,0.6,0.471,0.409,0.891,-0.9,79,210,Undrafted,Undrafted,Undrafted,0.614,0.484,0.253,2.1,8.2,5.2,6.1,1.1,0.4,7.4,15.3,-1.5,-0.2,-1.7,SG
Andre Drummond,PHI,31,40,18.8,7.3,7.8,0.9,1,0.5,1.4,0.5,0.15,0.622,-6.1,83,279,2012,1,9,0.535,0.085,0.385,15.8,31.6,23.4,6.8,2.6,2.4,16.7,19.1,-2.4,-0.8,-3.2,C
Andre Jackson Jr.,MIL,23,67,14.6,3.4,2.7,1.2,0.5,0.2,0.9,0.477,0.395,0.5,-0.5,78,209,2023,2,36,0.554,0.386,0.122,7.5,12.5,10.1,10.9,1.7,1.3,21.8,11.9,-3.6,0.2,-3.4,SF
Andrew Nembhard,IND,25,65,28.9,10,3.3,5,1.2,0.2,1.7,0.458,0.291,0.794,3.1,76,191,2022,2,31,0.545,0.325,0.252,2,10.7,6.4,22.5,2,0.5,15.8,16.3,-2.6,0.3,-2.3,SG
Andrew Wiggins,MIA,30,60,30.7,18,4.5,2.6,1,0.8,1.7,0.448,0.374,0.763,-1.7,79,197,2014,1,1,0.566,0.415,0.306,5.1,10.8,7.9,13.5,1.6,2.6,9.4,24.5,1.2,-0.3,0.9,C
Anfernee Simons,POR,26,70,32.7,19.3,2.7,4.8,0.9,0.1,2,0.426,0.363,0.902,-3.1,75,200,2018,1,24,0.557,0.527,0.172,1.2,8,4.5,23.3,1.3,0.2,10.6,24.6,1.5,-1.5,-0.1,SG
Anthony Black,ORL,21,78,24.2,9.4,2.9,3.1,1.1,0.6,1.8,0.423,0.318,0.761,-0.5,79,200,2023,1,6,0.521,0.315,0.318,3,11.4,7,19.4,2.3,2.4,16.4,19.6,-3.1,1.2,-1.9,SG
Anthony Davis,DAL,32,51,33.4,24.7,11.6,3.5,1.2,2.2,2.2,0.516,0.282,0.775,0.5,82,253,2012,1,1,0.588,0.136,0.405,9.1,29.1,19.4,18.3,1.7,6,9.5,30.4,3.9,1.5,5.4,SF
Anthony Edwards,MIN,23,79,36.3,27.6,5.7,4.5,1.2,0.6,3.2,0.447,0.395,0.837,3.7,76,225,2020,1,1,0.595,0.503,0.308,2.4,14.8,8.7,20.9,1.6,1.7,12,31.4,4.4,0,4.3,SG
Anthony Gill,WAS,32,51,7.8,2.5,1.3,0.3,0.2,0,0.2,0.489,0.323,0.66,-1.4,80,230,Undrafted,Undrafted,Undrafted,0.586,0.352,0.568,4.7,12.6,8.6,5.7,1.1,0.5,8.3,12.7,-3,-1.5,-4.5,PG
Antonio Reeves,NOP,24,44,15,6.9,1.4,0.9,0.5,0.1,0.7,0.456,0.395,0.8,-3.4,77,205,2024,2,47,0.579,0.52,0.141,2.9,7.6,5.1,8.8,1.5,0.6,10.2,18.8,-1.2,-2,-3.2,C
Ariel Hukporti,NYK,23,25,8.7,1.9,2,0.4,0,0.6,0.8,0.677,0,0.462,-2.5,83,246,2024,2,58,0.654,0,0.419,7.5,19.4,13.5,6.4,0.2,6.4,36.4,11.6,-6.5,0.9,-5.6,SG
Ausar Thompson,DET,22,59,22.5,10.1,5.1,2.3,1.7,0.7,1.4,0.535,0.224,0.641,1.1,78,205,2023,1,5,0.568,0.107,0.309,9.3,15.9,12.6,14.4,3.5,2.9,13.3,19.1,-0.8,2.5,1.7,PF
Austin Reaves,LAL,27,73,34.9,20.2,4.5,5.8,1.1,0.3,2.4,0.46,0.377,0.877,2.7,77,197,Undrafted,Undrafted,Undrafted,0.616,0.512,0.353,2.8,11.5,7.3,24.9,1.6,0.8,12.9,23.7,2.4,-0.5,1.9,SF
Ayo Dosunmu,CHI,25,46,30.3,12.3,3.5,4.5,0.9,0.4,1.5,0.492,0.328,0.785,-5.1,77,200,2021,2,38,0.585,0.421,0.176,2,10,6.1,20.2,1.4,1.1,12.5,16.6,-1.4,-0.2,-1.6,SG
Bam Adebayo,MIA,27,78,34.3,18.1,9.6,4.3,1.3,0.7,2.1,0.485,0.357,0.765,0.3,81,255,2017,1,14,0.561,0.199,0.295,7.7,23.1,15.5,20,1.8,1.9,11.4,23.5,1,1,2,C
Baylor Scheierman,BOS,24,31,12.4,3.6,2.1,1.1,0.5,0.1,0.4,0.355,0.317,0.75,0.9,78,205,2024,1,30,0.49,0.745,0.109,5.4,13,9.2,11.3,2.2,0.5,9.4,14.5,-2.5,0.8,-1.7,SF
Ben Sheppard,IND,23,63,19.5,5.3,2.8,1.3,0.6,0.2,0.3,0.418,0.342,0.889,-0.9,78,190,2023,1,26,0.555,0.693,0.094,4,12,8,8.6,1.5,1,6.9,11.3,-2.2,0.2,-2,SF
Ben Simmons,LAC,28,51,22,5,4.7,5.6,0.7,0.5,2,0.52,0,0.727,-1.1,82,240,2016,1,1,0.539,0,0.148,4.6,20.3,12.2,37,1.7,2,30,13.2,-2.3,1.8,-0.5,SG
Bennedict Mathurin,IND,23,72,29.9,16.1,5.3,1.9,0.7,0.3,1.9,0.458,0.34,0.831,1.3,77,210,2022,1,6,0.579,0.338,0.389,4.6,15.2,9.9,8.8,1.1,1,11.9,22.8,-1.3,-1.5,-2.9,SG
Bilal Coulibaly,WAS,20,59,33,12.3,5,3.4,1.3,0.7,2.1,0.421,0.281,0.746,-9.9,80,195,2023,1,7,0.515,0.359,0.296,4.8,10.9,7.8,14.9,1.9,1.9,15.1,17.9,-3,-0.7,-3.7,C
Bismack Biyombo,SAS,32,28,18.8,5.1,5.6,1.1,0.6,0.8,1,0.588,0,0.4,-3.6,80,255,2011,1,7,0.576,0,0.219,8.7,23.4,16,7.9,1.5,3.9,17.8,12.3,-3.6,0,-3.6,SG
Blake Wesley,SAS,22,58,11.8,3.7,1.1,2,0.6,0.1,0.9,0.435,0.293,0.623,-0.2,75,185,2022,1,25,0.51,0.312,0.328,2.7,6.9,4.8,22.3,2.6,0.8,20.2,16.7,-3.9,-0.3,-4.2,SG
Bobby Portis,MIL,30,49,25.4,13.9,8.4,2.1,0.7,0.5,1.2,0.466,0.365,0.836,1.9,82,250,2015,1,22,0.542,0.299,0.123,8.2,27,18,12.9,1.4,1.9,8.3,24.1,0.6,-0.4,0.2,PG
Bol Bol,PHX,25,36,12.5,6.8,2.9,0.6,0.3,0.7,0.6,0.525,0.344,0.769,-1,87,220,2019,2,44,0.627,0.508,0.142,5.1,20.4,13,7.7,1,5.2,9.3,21.1,1.7,-0.9,0.8,SF
Bones Hyland,MIN,24,24,9.9,6.2,1,1.3,0.8,0.2,1,0.398,0.39,0.885,-1.3,74,169,2021,1,26,0.576,0.695,0.22,2.4,9.3,5.9,20.1,3.7,1.7,16.2,28.2,0.9,1.8,2.7,SF
Bradley Beal,PHX,32,53,32.1,17,3.3,3.7,1.1,0.5,1.9,0.497,0.386,0.803,-5.2,76,207,2012,1,3,0.598,0.38,0.197,2.3,9.1,5.8,17.6,1.7,1.5,11.6,22.1,-0.1,-1,-1.1,C
Branden Carlson,OKC,26,32,7.7,3.8,1.7,0.4,0.2,0.7,0.2,0.443,0.333,0.778,1.3,84,220,Undrafted,Undrafted,Undrafted,0.581,0.68,0.186,7.6,15.8,11.8,7.5,1,8.6,6.3,19.3,0.5,0.8,1.3,SG
Brandin Podziemski,GSW,22,64,26.8,11.7,5.1,3.4,1.1,0.2,1.2,0.445,0.372,0.758,4.1,76,205,2023,1,19,0.557,0.491,0.151,4,16.8,10.2,18.7,2,0.7,10.1,18.3,-0.1,0.8,0.7,PF
Brandon Boston Jr.,NOP,23,42,23.6,10.7,3.2,2.2,1.3,0.2,1.2,0.436,0.35,0.788,-3.3,78,188,2021,2,51,0.535,0.367,0.223,3,11.9,7.3,13.7,2.6,0.9,11.1,20,-2.3,-0.2,-2.5,SF
Brandon Clarke,MEM,28,64,18.9,8.3,5.1,1,0.8,0.6,0.6,0.621,0.059,0.701,2.8,80,215,2019,1,21,0.638,0.045,0.229,11.3,17.3,14.3,7.4,2,2.7,8.9,15.3,0,0.8,0.8,SG
Brandon Miller,CHA,22,27,34.2,21,4.9,3.6,1.1,0.7,2.8,0.403,0.355,0.861,-4.6,79,200,2023,1,2,0.54,0.597,0.161,2.8,12.5,7.6,18.3,1.5,2.1,12.6,27.7,0.8,-0.8,0,PF
Brandon Williams,DAL,25,33,14.8,8.3,1.8,2.3,0.7,0.2,1.2,0.521,0.4,0.833,0.3,73,190,Undrafted,Undrafted,Undrafted,0.634,0.319,0.351,2.7,10.1,6.5,23.2,2.4,0.9,15.2,22.6,1,-0.1,1,PG
Brice Sensabaugh,UTA,21,71,20.2,10.9,3,1.5,0.6,0.1,1.5,0.459,0.422,0.89,-4,77,235,2023,1,28,0.612,0.621,0.122,3.2,12.6,7.9,12,1.5,0.5,14.5,21.5,0.4,-1.6,-1.2,SG
Bronny James,LAL,20,27,6.7,2.3,0.7,0.8,0.3,0.1,0.5,0.313,0.281,0.786,-2.6,75,210,2024,2,55,0.424,0.478,0.209,2.6,8.5,5.6,16.5,2.4,1.6,15.1,20.9,-5.9,-1.3,-7.2,C
Brook Lopez,MIL,37,80,31.8,13,5,1.8,0.6,1.9,1.1,0.509,0.373,0.826,1.7,85,282,2008,1,10,0.624,0.482,0.178,5,11.8,8.6,7.8,0.9,5.4,9.1,15.8,0.4,0.4,0.8,SG
Bruce Brown,NOP,28,41,22.5,8.3,4,2,0.8,0.2,1,0.421,0.333,0.815,-5.5,76,202,2018,2,42,0.504,0.262,0.21,4.5,14.9,9.6,12.8,1.8,1,10.4,17.2,-3.2,-0.6,-3.8,SG
Bub Carrington,WAS,19,82,30,9.8,4.2,4.4,0.7,0.3,1.7,0.401,0.339,0.812,-9.7,76,190,2024,1,14,0.514,0.544,0.114,1.4,13.1,7.2,21.2,1,0.8,15.2,15.8,-3.3,-1.3,-4.6,PF
Buddy Hield,GSW,32,82,22.7,11.1,3.2,1.6,0.8,0.3,1.1,0.417,0.37,0.828,1.7,76,220,2016,1,6,0.56,0.698,0.081,2.9,12.7,7.6,10.7,1.8,1.2,10.1,20.5,-0.7,-0.3,-1,SF
Cade Cunningham,DET,23,70,35,26.1,6.1,9.1,1,0.8,4.4,0.469,0.356,0.846,2.5,78,220,2021,1,1,0.565,0.287,0.254,2.5,16.5,9.6,43,1.4,2.1,16,33.2,3.8,0.1,3.9,SF
Caleb Houstan,ORL,22,58,13.6,4.1,1.3,0.6,0.4,0.1,0.2,0.421,0.4,0.882,-1.1,80,205,2022,2,32,0.605,0.842,0.089,2.6,8.6,5.5,6.4,1.4,0.7,6.2,11.7,-2.4,0.2,-2.2,PG
Caleb Martin,DAL,29,45,27.1,7.9,3.9,2.1,1,0.5,1.2,0.424,0.359,0.622,-3.4,77,205,Undrafted,Undrafted,Undrafted,0.513,0.339,0.322,4.8,11.7,8.2,10.7,1.9,1.8,13.9,14.4,-2.9,-0.2,-3.2,SF
Cam Reddish,LAL,25,33,17.9,3.2,2,0.7,1,0.3,0.4,0.404,0.277,0.615,-2.8,79,217,2019,1,10,0.498,0.5,0.277,3.3,9.1,6.3,4.8,2.8,1.6,10.2,8.8,-4.4,1.6,-2.7,SF
Cam Spencer,MEM,25,25,10.1,4.2,1.2,1.4,0.4,0,0.2,0.415,0.365,1,1.6,76,205,2024,2,53,0.587,0.634,0.232,5.1,7.5,6.3,16.9,1.7,0.4,6.2,15.4,0.3,0.2,0.5,SG
Cam Thomas,BKN,23,25,31.2,24,3.3,3.8,0.6,0.1,2.5,0.438,0.349,0.881,-3.7,75,210,2021,1,27,0.575,0.43,0.333,2.1,10.4,6,22.9,1,0.3,10.6,32.6,2.8,-2.6,0.3,C
Cam Whitmore,HOU,20,51,16.2,9.4,3,1,0.6,0.3,0.9,0.444,0.355,0.75,0,79,230,2023,1,20,0.549,0.454,0.179,4.5,15.1,9.7,8.9,1.8,1.4,9.6,23.9,0.7,-0.4,0.3,PG
Cameron Johnson,BKN,29,57,31.6,18.8,4.3,3.4,0.9,0.4,1.7,0.475,0.39,0.893,-3.5,80,210,2019,1,11,0.632,0.546,0.301,3.3,12.8,7.8,18.5,1.5,1.4,10.5,22.9,3.5,-0.4,3.1,C
Cameron Payne,NYK,30,72,15.1,6.9,1.4,2.8,0.5,0.2,0.7,0.401,0.363,0.907,2.8,75,183,2015,1,14,0.532,0.574,0.121,1.5,9.4,5.5,25.5,1.8,1.4,10,20.8,-0.1,-0.2,-0.2,SG
Caris LeVert,ATL,30,64,24.9,12.1,3.2,3.4,0.9,0.5,1.2,0.467,0.373,0.71,4,78,205,2016,1,20,0.582,0.474,0.259,2.8,11,6.9,18.1,1.7,1.9,10.2,19.4,0.8,0.1,0.9,PG
Cason Wallace,OKC,21,68,27.6,8.4,3.4,2.5,1.8,0.5,0.9,0.474,0.356,0.811,5.4,75,195,2023,1,10,0.562,0.425,0.076,4.1,8.8,6.5,11.5,3.1,1.9,10.5,12.8,-1.5,2.6,1,SG
Charles Bassey,SAS,24,36,10.4,4.4,4.2,0.5,0.4,0.8,0.6,0.581,0,0.636,-3.6,82,230,2021,2,53,0.597,0,0.282,15.9,27.4,21.7,6.6,1.8,7.2,14.9,17.5,-1.7,0.6,-1.1,PG
Chet Holmgren,OKC,23,32,27.4,15,8,2,0.7,2.2,1.8,0.49,0.379,0.754,9.2,85,208,2022,1,2,0.599,0.34,0.393,6,25,15.7,9.7,1.3,8.2,12.3,22,0.5,1.9,2.4,SF
Chris Boucher,TOR,32,50,17.2,10,4.5,0.7,0.5,0.5,0.6,0.492,0.363,0.782,0.1,81,200,Undrafted,Undrafted,Undrafted,0.615,0.522,0.235,8.5,19.6,13.9,5.9,1.3,2.8,6.6,21.2,2.9,-0.6,2.3,SF
Chris Livingston,MIL,21,21,5,1.4,1.7,0.2,0.2,0,0.3,0.333,0,0.75,-1.4,78,220,2023,2,58,0.441,0.296,0.593,10.7,24.6,17.9,6,2.3,0,15,16.6,-5,-1.1,-6.1,SG
Chris Paul,SAS,40,82,28,8.8,3.6,7.4,1.3,0.3,1.6,0.427,0.377,0.924,0,72,175,2005,1,4,0.58,0.636,0.158,1.5,12.3,6.9,34.8,2.2,0.9,17.1,14,0.3,0.5,0.8,SF
Christian Braun,DEN,24,79,33.9,15.4,5.2,2.6,1.1,0.5,1,0.58,0.397,0.827,6.1,78,220,2022,1,21,0.665,0.273,0.261,4.2,12.2,8.4,10.1,1.5,1.2,8.1,15.8,0.8,-0.5,0.3,SG
Christian Koloko,LAL,25,37,9.2,2.4,2.5,0.4,0.2,0.4,0.3,0.606,0,0.714,-0.2,84,225,2022,2,33,0.624,0.061,0.212,11.9,18.2,15.1,6.4,1.2,4.4,14.3,10.8,-3,0.2,-2.8,SG
CJ McCollum,NOP,33,56,32.7,21.1,3.8,4.1,0.8,0.4,1.9,0.444,0.373,0.717,-5,75,190,2013,1,10,0.55,0.459,0.173,2.4,10.3,6.2,20.6,1.2,1.3,9,27.2,1.2,-2.6,-1.4,SF
Clint Capela,ATL,31,55,21.4,8.9,8.5,1.1,0.6,1,0.9,0.559,0,0.536,-1.4,82,256,2014,1,25,0.564,0.003,0.249,15.8,28.2,21.8,7.4,1.4,4.1,9.8,16.7,-0.6,-0.4,-1,PF
Coby White,CHI,25,74,33.1,20.4,3.7,4.5,0.9,0.2,2.4,0.453,0.37,0.902,-1.9,77,195,2019,1,7,0.601,0.521,0.274,1.1,10.4,5.8,19.5,1.3,0.6,12.4,24.4,0.5,-1.4,-0.9,PG
Cody Martin,PHX,29,53,22.1,6.8,4.2,2,1.1,0.6,1,0.418,0.285,0.705,-2,78,205,2019,2,36,0.509,0.465,0.188,4.8,15.9,10.3,13,2.4,2.7,12.7,14.7,-2.8,1.1,-1.7,SG
Cody Williams,UTA,20,50,21.2,4.6,2.3,1.2,0.5,0.3,0.9,0.323,0.259,0.725,-6.8,79,190,2024,1,10,0.419,0.525,0.156,2.8,8.7,5.7,7.4,1,1.4,13.8,12.5,-6.1,-1.2,-7.3,SG
Colby Jones,WAS,23,39,13.2,4,2.2,1.1,0.7,0.3,0.6,0.457,0.327,0.657,-2.9,78,207,2023,2,34,0.544,0.38,0.271,4.3,13.6,9,12,2.4,2.4,13.7,13.7,-3.3,0.4,-2.8,C
Cole Anthony,MEM,25,67,18.4,9.4,3,2.9,0.7,0.5,1.5,0.424,0.353,0.823,-0.2,74,185,2020,1,15,0.531,0.401,0.208,4.1,15.5,9.5,25.5,1.8,2.5,14.8,24.6,-0.8,0.9,0.1,C
Colin Castleton,TOR,25,26,16.6,4.7,4.7,1.1,0.3,0.4,0.9,0.469,0.125,0.763,-1.2,82,250,Undrafted,Undrafted,Undrafted,0.536,0.163,0.388,13,17.9,15.4,8.9,0.9,2.2,16.7,13.4,-4,-1,-5,PF
Collin Gillespie,PHX,26,33,14,5.9,2.4,2.4,0.6,0.2,0.5,0.43,0.433,0.864,-0.9,73,195,Undrafted,Undrafted,Undrafted,0.578,0.57,0.139,5.5,13.2,9.4,24,2.3,1,9.2,17.7,2.3,0.2,2.5,SG
Collin Sexton,UTA,26,63,27.9,18.4,2.7,4.2,0.7,0.1,2.5,0.48,0.406,0.865,-4.5,75,190,2018,1,8,0.593,0.313,0.29,3.7,6.8,5.2,25.1,1.3,0.3,14.1,27,1.7,-2.3,-0.6,SF
Corey Kispert,WAS,26,61,26.3,11.6,3,1.7,0.4,0.2,1,0.451,0.364,0.852,-4.5,78,224,2021,1,15,0.584,0.584,0.156,2.3,9.5,5.9,9.7,0.8,0.8,9.6,17.5,-1.4,-2.2,-3.7,PG
Cory Joseph,ORL,33,50,12.2,3.5,1.5,1.4,0.5,0.1,0.4,0.403,0.364,0.778,0.7,74,200,2011,1,29,0.547,0.695,0.117,3,11.2,6.9,17,2.1,0.6,10,12.8,-2.3,1.4,-0.8,SG
Craig Porter Jr.,CLE,25,51,10.1,3.7,1.3,1.4,0.3,0.3,0.7,0.514,0.438,0.719,-0.9,73,180,Undrafted,Undrafted,Undrafted,0.61,0.343,0.229,4.1,9.9,7.1,17.7,1.6,2.6,19.8,15.9,0.1,1,1.1,C
Dalano Banton,POR,25,67,16.7,8.3,2,2.4,0.6,0.5,1.3,0.391,0.324,0.728,-0.8,80,203,2021,2,46,0.497,0.438,0.247,2.8,10.4,6.5,21.5,1.9,2.8,13.3,24.1,-0.6,-0.2,-0.8,PF
Dalen Terry,CHI,22,73,13.5,4.5,1.7,1.3,0.6,0.2,0.7,0.448,0.356,0.71,-2.4,79,195,2022,1,18,0.546,0.388,0.257,4.1,9,6.6,12.7,2.1,1.3,15.1,14.9,-4,0.2,-3.8,PG
Dalton Knecht,LAL,24,78,19.2,9.1,2.8,0.8,0.3,0.1,0.5,0.461,0.376,0.762,-0.9,78,215,2024,1,17,0.594,0.61,0.151,2.9,13.1,8.1,6.5,0.8,0.5,5.9,18.5,-0.1,-1.7,-1.8,C
Damian Lillard,MIL,34,58,36.1,24.9,4.7,7.1,1.2,0.2,2.8,0.448,0.376,0.921,0.9,74,195,2012,1,6,0.621,0.528,0.396,1.6,12.1,7.1,29.7,1.6,0.4,12.2,27.8,4.7,-0.6,4,SG
Damion Lee,PHX,32,25,5.8,3.3,0.8,0.4,0.2,0,0.4,0.365,0.243,0.952,1,78,210,Undrafted,Undrafted,Undrafted,0.499,0.5,0.284,2.4,12.8,7.8,11.5,2.1,0,10.7,28.6,-2.9,-2.1,-5.1,SF
D'Angelo Russell,BKN,29,58,25.5,12.6,2.8,5.1,1,0.4,1.9,0.39,0.314,0.834,0,75,193,2015,1,2,0.522,0.564,0.227,1.5,11,6.2,31.2,1.9,1.5,13.3,24,0,-0.4,-0.4,SG
Daniel Gafford,DAL,26,57,21.5,12.3,6.8,1.4,0.4,1.8,1.2,0.702,0,0.689,0.6,82,265,2019,2,38,0.716,0,0.486,14.1,20.3,17.2,10.2,0.9,7.1,11.9,19.5,2.7,1.1,3.8,SG
Daniel Theis,NOP,33,38,16.3,4.3,4.3,1.6,0.5,0.5,0.7,0.473,0.243,0.838,-1.6,80,245,Undrafted,Undrafted,Undrafted,0.558,0.287,0.287,7.4,21.5,14.2,13,1.4,3.1,14.7,11.6,-3.3,0,-3.3,PG
Dante Exum,DAL,29,20,18.6,8.7,1.7,2.8,0.6,0.2,1.1,0.478,0.434,0.742,-2.4,77,214,2014,1,5,0.589,0.396,0.231,1.2,8.3,4.8,21.5,1.6,0.7,13,19.6,-1.2,-1.1,-2.3,SF
DaQuan Jeffries,CHA,27,47,22.8,6.7,2.9,1.1,0.6,0.5,0.7,0.405,0.335,0.8,-5.9,77,222,Undrafted,Undrafted,Undrafted,0.518,0.564,0.103,3.6,10,6.7,7.2,1.2,2.3,10.3,13.5,-4,-0.7,-4.7,C
Dariq Whitehead,BKN,20,20,12.3,5.7,1.5,0.6,0.3,0.1,0.8,0.406,0.446,0.6,-3.2,78,220,2023,1,22,0.58,0.771,0.052,1.8,12.1,6.7,7.8,1.2,0.4,13.3,20.1,-1.5,-2.2,-3.7,PG
Darius Garland,CLE,25,75,30.7,20.6,2.9,6.7,1.2,0.1,2.5,0.472,0.401,0.878,6.7,73,192,2019,1,5,0.6,0.451,0.217,2.3,7.6,5,32.2,1.9,0.4,12.8,27.2,3.9,-0.8,3.1,SG
David Roddy,HOU,24,33,12.4,4.6,2.5,1.1,0.4,0.3,0.7,0.456,0.311,0.769,-2.3,76,255,2022,1,23,0.561,0.488,0.208,3.4,19.5,11.2,11.5,1.6,2,13.9,16,-1.6,0.1,-1.5,SF
Davion Mitchell,MIA,26,74,27.4,7.9,2.3,4.9,1,0.2,1.7,0.468,0.398,0.69,0,72,202,2021,1,9,0.573,0.443,0.176,1.9,7.1,4.5,24.2,1.7,0.8,20,13.6,-2.8,0.2,-2.6,PG
Day'Ron Sharpe,BKN,23,50,18.1,7.9,6.6,1.8,0.8,0.8,1.3,0.521,0.244,0.757,1.3,81,265,2021,1,29,0.568,0.142,0.233,17.8,23.8,20.7,16.8,2.3,4.6,15.3,19.9,0,0.9,0.9,PG
De'Aaron Fox,SAS,27,62,36.1,23.5,4.8,6.3,1.5,0.4,2.8,0.463,0.31,0.827,-1.1,75,185,2017,1,5,0.56,0.328,0.273,2.7,12.1,7.4,27.2,2,1.1,11.8,28.3,1.3,-1,0.4,SG
Dean Wade,CLE,28,59,21.2,5.4,4.2,1.3,0.7,0.3,0.4,0.413,0.36,0.533,4.8,81,228,Undrafted,Undrafted,Undrafted,0.563,0.819,0.111,4.5,16.6,10.8,7.3,1.6,1.4,7.2,10.4,-1,1.2,0.3,SG
Deandre Ayton,POR,26,40,30.1,14.4,10.2,1.6,0.8,1,1.7,0.566,0.188,0.667,-4.1,84,252,2018,1,1,0.583,0.068,0.128,10.9,26,18.2,8.5,1.2,2.9,12.2,19.4,-0.3,-0.4,-0.7,SG
De'Andre Hunter,CLE,27,64,27.2,17,4,1.4,0.8,0.2,1.3,0.47,0.405,0.846,1.4,80,221,2019,1,4,0.623,0.509,0.333,2.7,13.4,8.1,7.5,1.4,0.7,8.6,22.8,1.2,-0.8,0.4,PG
DeAndre Jordan,DEN,36,56,12.3,3.7,5.1,0.9,0.3,0.5,0.7,0.65,0,0.422,-0.8,83,265,2008,2,35,0.621,0,0.457,14,30.3,22.6,9.5,1.1,3.5,19.2,12.8,-1.4,0.2,-1.2,PG
Dejounte Murray,NOP,28,31,32.6,17.5,6.5,7.4,2,0.4,3.4,0.393,0.299,0.823,-6.7,76,180,2016,1,29,0.494,0.352,0.251,1.8,20.1,10.7,34.6,3,1.1,16.2,27.3,-1.3,-0.3,-1.6,SG
Delon Wright,NYK,33,40,15.9,3.1,1.7,1.9,0.9,0.3,0.6,0.344,0.274,0.6,0,77,185,2015,1,20,0.44,0.557,0.191,4.9,6.5,5.7,15,2.7,1.8,13.4,11.3,-2.8,1.4,-1.4,SF
DeMar DeRozan,SAC,35,77,35.9,22.2,3.9,4.4,0.8,0.4,1.4,0.477,0.328,0.857,1.4,78,220,2009,1,9,0.569,0.196,0.337,2,10.1,6,18.7,1.1,1.1,6.5,25,1.2,-1.2,-0.1,PG
Deni Avdija,POR,24,72,30,16.9,7.3,3.9,1,0.5,2.7,0.476,0.365,0.78,-1.1,81,240,2020,1,9,0.605,0.405,0.441,5.4,21.2,13.1,19.9,1.6,1.5,16.3,23.2,1.5,0.6,2.1,SG
Dennis Schroder,DET,31,75,28.1,13.1,2.6,5.4,0.9,0.2,1.9,0.406,0.342,0.838,-1,73,175,2013,1,17,0.531,0.449,0.261,1.4,9.2,5.2,28.7,1.5,0.6,13.3,21.6,-1.3,-0.9,-2.2,SG
Dereck Lively II,DAL,21,36,23.1,8.7,7.5,2.4,0.6,1.6,1.1,0.702,0,0.63,3.4,85,230,2023,1,12,0.704,0,0.382,13.9,21.3,17.7,14.3,1.2,5.7,15.5,13.6,1.1,2.2,3.3,PG
Derrick Jones Jr.,LAC,28,77,24.3,10.1,3.4,0.8,1,0.4,0.9,0.526,0.356,0.703,3.2,78,210,Undrafted,Undrafted,Undrafted,0.609,0.372,0.2,5.7,10.1,8,4.6,2.1,1.7,9.3,16.5,-1,0.7,-0.3,C
Derrick White,BOS,30,76,33.9,16.4,4.5,4.8,0.9,1.1,1.7,0.442,0.384,0.839,7.1,76,190,2017,1,29,0.606,0.721,0.168,2.8,11.5,7.2,20.2,1.4,2.9,11.3,19.8,2.7,0.8,3.5,C
Desmond Bane,ORL,27,69,32,19.2,6.1,5.3,1.2,0.4,2.4,0.484,0.392,0.894,2.1,77,215,2020,1,30,0.6,0.411,0.194,3,16.9,10,23.6,1.7,1.2,13.3,23.3,2.6,0.6,3.2,PG
Devin Booker,PHX,28,75,37.3,25.6,4.1,7.1,0.9,0.2,2.9,0.461,0.332,0.894,-2.4,78,206,2015,1,13,0.589,0.388,0.34,3.1,8.9,6.1,30.6,1.2,0.5,11.9,29.3,2.8,-2.4,0.4,PG
Devin Carter,SAC,23,36,11,3.8,2.1,1.1,0.6,0.1,0.5,0.37,0.295,0.591,1.2,74,195,2024,1,13,0.471,0.48,0.346,5.4,16.2,10.8,13.5,2.6,1,11,17.9,-3.5,0.3,-3.2,SG
Devin Vassell,SAS,24,64,31,16.3,4,2.9,1.3,0.5,1.4,0.443,0.368,0.792,-4.1,77,200,2020,1,11,0.553,0.483,0.135,1.8,12,6.9,13.8,2,1.5,8.5,22.1,-0.3,-0.8,-1.1,C
Dillon Brooks,HOU,29,75,31.8,14,3.7,1.7,0.8,0.2,1,0.429,0.397,0.818,2.8,78,225,2017,2,45,0.555,0.524,0.135,3.3,9.1,6.1,7.4,1.2,0.6,7.4,17.7,-1.4,0,-1.4,SF
Dillon Jones,OKC,23,54,10.2,2.5,2.2,1.1,0.3,0.1,0.5,0.383,0.254,0.607,1.4,77,235,2024,1,26,0.464,0.474,0.211,6,17.3,11.8,12.6,1.4,0.7,16.2,13.3,-4.3,0.3,-4,PG
Domantas Sabonis,SAC,29,70,34.7,19.1,13.9,6,0.7,0.4,2.9,0.59,0.417,0.754,2.1,82,240,2016,1,11,0.655,0.175,0.324,12.3,32.6,22.4,26,1,1,16.5,21.6,4.2,1.1,5.2,SG
Dominick Barlow,ATL,22,35,10.7,4.2,2.4,0.5,0.3,0.5,0.1,0.531,0.259,0.636,-0.1,80,215,Undrafted,Undrafted,Undrafted,0.58,0.239,0.292,10,15,12.4,6.9,1.1,3.9,3.8,14.5,-1.4,-0.8,-2.2,PF
Donovan Clingan,POR,21,67,19.8,6.5,7.9,1.1,0.5,1.6,1.1,0.539,0.286,0.596,0,86,280,2024,1,7,0.574,0.147,0.311,17.3,26.1,21.6,8.3,1.2,7.5,15.9,14.2,-1.7,1.4,-0.3,PG
Donovan Mitchell,CLE,28,71,31.4,24,4.5,5,1.3,0.2,2.1,0.443,0.368,0.823,7.4,75,215,2017,1,13,0.575,0.48,0.274,2.8,12.5,7.8,23.9,2,0.7,9.2,30.9,3.8,-0.2,3.7,C
Donte DiVincenzo,MIN,28,62,25.9,11.7,3.7,3.6,1.2,0.3,1.6,0.422,0.397,0.778,2.8,76,203,2018,1,17,0.582,0.739,0.106,2.2,13.3,7.9,20.2,2.2,1,13.8,19.4,0.8,1.1,1.9,PG
Dorian Finney-Smith,LAL,32,63,28.9,8.7,3.9,1.4,0.9,0.4,0.9,0.448,0.411,0.667,4.9,79,220,Undrafted,Undrafted,Undrafted,0.604,0.722,0.103,5,10.4,7.7,6.9,1.6,1.2,11,12.3,-1.1,0.1,-1,PF
Doug McDermott,SAC,33,42,8.1,3.5,0.5,0.2,0.1,0,0.1,0.427,0.436,0.6,0.6,78,225,2014,1,11,0.617,0.863,0.043,1,6.2,3.6,2.8,0.6,0.6,4.8,15.7,-0.8,-2.4,-3.2,C
Draymond Green,GSW,35,68,29.2,9,6.1,5.6,1.5,1,2.6,0.424,0.325,0.687,4,78,230,2012,2,35,0.534,0.483,0.289,3.9,19,11.2,26.2,2.4,3.4,23.3,15.9,-2.3,2.8,0.5,SF
Drew Eubanks,LAC,28,61,12.2,4.6,3.7,0.9,0.2,0.6,0.7,0.593,0.5,0.662,-2.1,82,245,Undrafted,Undrafted,Undrafted,0.622,0.031,0.366,8.9,24.1,16.5,10.6,0.8,5,15.4,15.1,-1.2,0.6,-0.7,C
Drew Peterson,BOS,25,25,7.4,2.2,1.6,0.5,0.2,0.1,0.3,0.415,0.394,0.778,1.8,81,205,Undrafted,Undrafted,Undrafted,0.601,0.805,0.22,5.3,18.1,11.7,9.1,1.3,1,15.1,12.5,-1.8,1,-0.8,SG
Duncan Robinson,MIA,31,74,24.1,11,2.3,2.4,0.5,0.1,1.2,0.437,0.393,0.887,0.9,79,215,Undrafted,Undrafted,Undrafted,0.595,0.729,0.08,1.1,9.1,5.2,14.7,1.1,0.3,11.1,19.2,-0.7,-1.1,-1.7,PG
Duop Reath,POR,29,46,10.2,4.2,2,0.6,0.3,0.3,0.3,0.422,0.321,0.909,-1.2,81,245,Undrafted,Undrafted,Undrafted,0.552,0.639,0.133,9.9,11.4,10.6,8,1.2,2.7,8.3,17,0.2,-0.5,-0.3,PG
Dwight Powell,DAL,33,55,10,2.1,2.1,1,0.3,0.4,0.3,0.689,0.4,0.651,-0.3,82,240,2014,2,45,0.713,0.082,0.705,9.5,13.7,11.7,12.5,1.6,3.3,18.4,7.6,-1.5,1.5,0,SF
Dyson Daniels,ATL,22,76,33.8,14.1,5.9,4.4,3,0.7,2,0.493,0.34,0.593,-0.9,79,199,2022,1,8,0.545,0.255,0.152,5.1,14.2,9.6,17.9,4.2,2,13.6,18.2,-1.1,2.6,1.5,SF
Elfrid Payton,NOP,31,24,21.3,3.5,3.3,6.9,1,0.5,2.5,0.328,0.167,0.571,-6.2,75,195,2014,1,10,0.34,0.049,0.057,3.1,13.9,8.3,43.3,2.3,2.1,32.1,15.2,-5.1,-1.3,-6.4,PG
Enrique Freeman,IND,24,22,8.2,2.1,1.4,0.4,0.1,0.1,0.3,0.432,0.1,0.684,-0.9,79,220,2024,2,50,0.507,0.27,0.514,6.8,11.6,9.2,6.1,0.8,1.5,11.7,12.3,-4.9,-1.4,-6.3,C
Eric Gordon,PHI,36,39,19.7,6.8,1.2,1.7,0.7,0.3,0.7,0.426,0.409,0.75,-1.8,75,215,2008,1,7,0.591,0.672,0.235,1.1,5.8,3.4,12,1.7,1.5,11.1,14.4,-0.8,-0.8,-1.6,SF
Evan Mobley,CLE,24,71,30.5,18.5,9.3,3.2,0.9,1.6,2,0.557,0.37,0.725,7.7,83,215,2021,1,3,0.633,0.254,0.337,8.4,24,16.5,15.1,1.4,4.7,12.2,23.2,3.1,1.5,4.6,SG
Franz Wagner,ORL,23,60,33.7,24.2,5.7,4.7,1.3,0.4,2.3,0.463,0.295,0.871,4.1,82,220,2021,1,8,0.558,0.303,0.268,3,17.1,9.7,26.6,1.9,1,9.6,31,2.6,0.5,3.1,SG
Fred VanVleet,HOU,31,60,35.2,14.1,3.7,5.6,1.6,0.4,1.5,0.378,0.345,0.81,4.4,72,197,Undrafted,Undrafted,Undrafted,0.515,0.607,0.181,1.6,9.7,5.6,21.2,2.2,1.1,9.6,17.7,-0.4,1.3,0.9,SG
Gabe Vincent,LAL,29,72,21.2,6.4,1.3,1.4,0.7,0.2,0.6,0.4,0.353,0.714,0.7,74,200,Undrafted,Undrafted,Undrafted,0.536,0.736,0.05,1.5,5.2,3.4,8.7,1.6,0.8,8.7,13.5,-3.8,-0.1,-4,PG
Garrett Temple,TOR,39,28,8.1,1.9,1,1.1,0.6,0.1,0.4,0.3,0.214,0.917,-1,77,195,Undrafted,Undrafted,Undrafted,0.406,0.467,0.2,4.2,9.7,6.8,17.4,3.6,0.8,13.3,13.9,-5.7,2.1,-3.6,SG
Garrison Mathews,ATL,28,47,17.6,7.5,1.9,1.3,0.6,0.3,0.7,0.397,0.39,0.821,-1.3,78,215,Undrafted,Undrafted,Undrafted,0.606,0.848,0.304,1.7,10,5.7,9.3,1.5,1.7,9.6,15.9,-1.1,-0.5,-1.6,SF
Gary Harris,ORL,30,48,14.8,3,1.3,0.6,0.5,0.3,0.4,0.383,0.356,0.583,1.8,76,210,2014,1,19,0.524,0.759,0.09,3.1,7.5,5.2,5.8,1.8,1.6,10.9,9.5,-3.9,1.2,-2.7,SF
Gary Payton II,GSW,32,62,15,6.5,3,1.3,0.8,0.3,0.6,0.574,0.326,0.711,0.7,74,195,Undrafted,Undrafted,Undrafted,0.635,0.319,0.128,6,15.8,10.7,13.5,2.7,1.7,11,16.1,-0.5,2,1.4,C
Gary Trent Jr.,MIL,26,74,25.6,11.1,2.3,1.2,1,0.1,0.6,0.431,0.416,0.848,0.9,77,204,2018,2,37,0.591,0.659,0.14,1.2,8.2,4.8,6.4,1.8,0.2,5.7,17.1,-1.2,-0.4,-1.6,PF
Georges Niang,ATL,32,79,21.5,9.9,3.4,1.4,0.4,0.2,1,0.461,0.406,0.793,2.5,79,230,2016,2,50,0.607,0.66,0.094,3.1,14.3,8.7,8.8,0.8,0.8,11.3,17.9,-1.1,-1.2,-2.3,C
GG Jackson,MEM,20,29,15.8,7.2,3.2,1,0.4,0.2,1.1,0.372,0.337,0.725,-2.3,81,210,2023,2,45,0.482,0.477,0.201,6.3,14.8,10.6,8.2,1.2,1,12.5,21.7,-3.3,-2,-5.3,SG
Giannis Antetokounmpo,MIL,30,67,34.2,30.4,11.9,6.5,0.9,1.2,3.1,0.601,0.222,0.617,5,83,243,2013,1,15,0.625,0.048,0.536,7.3,29.7,19,36,1.2,3.2,11.2,35.2,6.9,2.5,9.5,SG
Goga Bitadze,ORL,25,70,20.4,7.2,6.6,2,0.7,1.4,1,0.611,0.107,0.639,1.1,82,250,2019,1,18,0.631,0.083,0.392,12.7,25,18.6,14.8,1.7,6.6,15.3,14.3,-0.3,2.8,2.5,PF
Gradey Dick,TOR,21,54,29.4,14.4,3.6,1.8,0.9,0.2,1.5,0.41,0.35,0.858,-3.9,78,200,2023,1,13,0.543,0.504,0.24,2.9,10.3,6.5,8.9,1.5,0.6,10.4,21,-1.9,-1.3,-3.2,SF
Grayson Allen,PHX,29,64,24.1,10.6,3,2.1,0.8,0.3,1.2,0.448,0.426,0.816,-1.2,76,198,2018,1,21,0.631,0.716,0.233,2.5,11.3,7,12.5,1.7,1.2,12.2,17.6,0.7,-1,-0.3,PF
Guerschon Yabusele,PHI,29,70,27.1,11,5.6,2.1,0.8,0.3,1.2,0.501,0.38,0.725,-1.7,80,265,2016,1,16,0.616,0.487,0.245,7.7,16.3,11.8,11.6,1.5,1.2,12.2,16.3,0.1,-1.1,-1,C
Gui Santos,GSW,23,56,13.6,4.1,3.1,1.4,0.4,0.2,0.8,0.458,0.33,0.69,2.9,78,185,2022,2,55,0.575,0.575,0.235,9.9,14.5,12.1,14.2,1.6,1.2,17.5,13.2,-2.2,0.5,-1.7,PF
Harrison Barnes,SAS,33,82,27.2,12.3,3.8,1.7,0.5,0.2,0.6,0.508,0.433,0.809,-0.3,80,225,2012,1,7,0.656,0.527,0.291,4.7,10.3,7.4,8.6,0.8,0.6,6.1,15.7,1.7,-1.7,0,PF
Haywood Highsmith,MIA,28,74,24.6,6.5,3.4,1.5,0.9,0.5,0.7,0.458,0.382,0.721,0.8,77,220,2018,,,0.583,0.596,0.11,4.4,10.8,7.7,8.4,1.9,2,11.6,11.3,-2.7,0.9,-1.9,SG
Herbert Jones,NOP,26,20,32.4,10.3,3.9,3.3,1.9,0.5,1.8,0.436,0.306,0.825,-1,79,206,2021,2,35,0.541,0.419,0.233,3.6,9.6,6.5,13.8,2.8,1.3,15.6,14.6,-3.9,0.2,-3.6,SF
Hunter Tyson,DEN,25,51,7.8,2.6,1.5,0.4,0.2,0.1,0.3,0.375,0.311,0.75,-1.9,80,215,2023,2,37,0.506,0.617,0.233,7.2,13.9,10.7,6.1,1.2,1.3,9.6,15.5,-3.3,-1.5,-4.8,C
Immanuel Quickley,TOR,26,33,27.8,17.1,3.5,5.8,0.7,0.1,1.8,0.42,0.378,0.867,-1.2,74,190,2020,1,25,0.57,0.514,0.292,1.8,12.1,6.8,31.5,1.2,0.4,10.5,25.1,3.2,-1,2.2,C
Isaac Jones,SAC,24,40,7.6,3.4,1.4,0.3,0.1,0.3,0.4,0.651,0.375,0.639,-1.6,81,245,Undrafted,Undrafted,Undrafted,0.678,0.096,0.434,8.1,12.9,10.5,5.6,0.8,3.2,13.9,16.3,-0.9,-0.8,-1.7,SG
Isaac Okoro,CLE,24,55,19.1,6.1,2.4,1.2,0.6,0.3,0.4,0.464,0.371,0.717,4.6,77,225,2020,1,5,0.587,0.566,0.172,5.2,8.1,6.7,8,1.5,1.4,7.4,12.5,-1.1,0.6,-0.5,PF
Isaiah Collier,UTA,20,71,25.9,8.7,3.3,6.3,0.9,0.2,2.9,0.422,0.249,0.682,-5.7,75,210,2024,1,29,0.494,0.305,0.277,1.9,11.8,6.9,34.3,1.7,0.8,25,18.9,-3.8,-1.5,-5.3,PG
Isaiah Hartenstein,OKC,27,57,27.9,11.2,10.7,3.8,0.8,1.1,1.7,0.581,0,0.675,7.3,84,250,2017,2,43,0.599,0.04,0.244,11.2,29.6,20.6,18.3,1.4,3.9,15.3,16.7,0.6,2.6,3.2,SG
Isaiah Joe,OKC,25,74,21.7,10.2,2.6,1.6,0.6,0.1,0.5,0.44,0.412,0.821,7.4,75,165,2020,2,49,0.617,0.793,0.095,2.8,10.1,6.6,9.7,1.4,0.6,5.8,17.2,1.4,-0.1,1.3,PF
Isaiah Stewart,DET,24,72,19.9,6,5.5,1.7,0.4,1.4,0.9,0.559,0.321,0.759,0.1,80,250,2020,1,16,0.616,0.168,0.276,10.1,20.6,15.4,11.3,0.9,6.7,16.1,12.4,-1.6,2.1,0.6,SF
Isaiah Wong,CHA,24,20,13.3,6,1.6,1.4,0.6,0,0.9,0.39,0.394,0.735,-0.3,75,185,2023,2,55,0.5,0.314,0.324,5.5,7.4,6.4,16.5,2,0,13,22.1,-2.9,-1,-4,PF
Ivica Zubac,LAC,28,80,32.8,16.8,12.6,2.7,0.7,1.1,1.6,0.628,0,0.661,6.4,84,240,2016,2,32,0.641,0,0.251,13.1,30.2,21.8,12.8,1,3.4,10.8,19.5,2.3,0.8,3.1,SG
Ja Morant,MEM,25,50,30.4,23.2,4.1,7.3,1.2,0.2,3.7,0.454,0.309,0.824,4.5,74,174,2019,1,2,0.563,0.321,0.359,2.4,11.8,7.1,36,1.9,0.7,15.2,32.2,3.1,-0.7,2.4,PF
Jabari Smith Jr.,HOU,22,57,30.1,12.2,7,1.1,0.4,0.7,1.1,0.438,0.354,0.825,4.4,82,220,2022,1,3,0.562,0.489,0.223,6.4,18.6,12.4,4.7,0.7,2.1,8.9,16.4,-0.8,0.1,-0.7,SF
Jabari Walker,POR,22,60,12.5,5.2,3.5,0.6,0.6,0.1,0.6,0.515,0.389,0.69,0.3,79,237,2022,2,57,0.601,0.314,0.31,8.3,22.6,15.3,7.2,2.1,0.7,11.6,16.3,-1.2,0.5,-0.8,PG
Jaden Hardy,DAL,22,57,15.9,8.7,1.6,1.4,0.5,0.1,1.4,0.435,0.386,0.698,-1.1,75,198,2022,2,37,0.549,0.476,0.208,1.1,9.4,5.3,13.2,1.5,0.5,15.4,25.3,-2.8,-1.9,-4.7,PG
Jaden Ivey,DET,23,30,29.9,17.6,4.1,4,0.9,0.4,3,0.46,0.409,0.733,-2.1,76,195,2022,1,5,0.569,0.373,0.281,5,10.3,7.6,19.7,1.5,1.2,16.1,26,0.8,-0.8,0,SG
Jaden McDaniels,MIN,24,82,31.9,12.2,5.7,2,1.3,0.9,1.2,0.477,0.33,0.813,2.1,81,185,2020,1,28,0.562,0.363,0.153,5.6,14.2,10,9,2.1,2.6,9.6,16.3,-1.4,1.4,0,SG
Jaden Springer,UTA,22,43,8.5,2.5,1.3,0.8,0.6,0.1,0.4,0.389,0.25,0.711,-0.7,76,202,2021,1,28,0.511,0.533,0.422,5.1,12.1,8.6,12.1,3.2,1,13,14.3,-4.3,1.6,-2.7,SG
Jae'Sean Tate,HOU,29,52,11.3,3.6,2.3,0.9,0.5,0.1,0.4,0.473,0.348,0.681,1,76,230,Undrafted,Undrafted,Undrafted,0.557,0.311,0.318,8.9,12.4,10.6,10.5,2.2,1.1,11.5,13.3,-2.1,1.4,-0.7,SG
Jaime Jaquez Jr.,MIA,24,66,20.7,8.6,4.4,2.5,0.9,0.2,1.5,0.461,0.311,0.754,-2.3,78,225,2023,1,18,0.543,0.258,0.307,6.8,16.5,11.7,17.9,2.2,1,15.7,20.2,-1.4,0.5,-0.9,SG
Jake LaRavia,SAC,23,66,20.4,6.9,3.9,2.4,0.9,0.3,1.3,0.475,0.423,0.678,1.9,79,235,2022,1,19,0.591,0.421,0.341,7.2,13.3,10.3,14.6,2.2,1.6,18.2,14.4,-0.8,1.1,0.2,PF
Jakob Poeltl,TOR,29,57,29.6,14.5,9.6,2.8,1.2,1.2,1.9,0.627,0.333,0.674,-0.6,84,260,2016,1,9,0.641,0.005,0.249,11.7,23.3,17.4,14.5,1.9,4,14.7,18.7,0.7,1.3,2,PF
Ja'Kobe Walter,TOR,20,52,21.2,8.6,3.1,1.6,0.8,0.2,1,0.405,0.349,0.795,-1.6,77,180,2024,1,19,0.523,0.473,0.211,5.6,10.1,7.8,10.2,1.9,0.9,10.4,18.2,-2.3,-0.6,-3,PF
Jalen Brunson,NYK,28,65,35.4,26,2.9,7.3,0.9,0.1,2.5,0.488,0.383,0.821,2.2,74,190,2018,2,33,0.605,0.331,0.373,1.4,7.9,4.7,32.3,1.3,0.3,10.5,29.5,4.7,-1.3,3.3,C
Jalen Duren,DET,21,78,26.1,11.8,10.3,2.7,0.7,1.1,1.7,0.692,0,0.669,0.5,82,250,2022,1,13,0.703,0,0.443,15.2,28.7,22,14.7,1.3,4.2,17.2,16.4,1.6,1.5,3.1,SG
Jalen Green,HOU,23,82,32.9,21,4.6,3.4,0.9,0.3,2.5,0.423,0.354,0.813,2,76,186,2021,1,2,0.544,0.46,0.234,1.7,13.4,7.4,16,1.3,0.9,11.4,27.3,1.1,-0.5,0.5,PF
Jalen Johnson,ATL,23,36,35.7,18.9,10,5,1.6,1,2.9,0.5,0.312,0.746,1.5,80,219,2021,1,20,0.569,0.26,0.232,5.2,26,15.3,20.5,2,2.6,15.1,22.5,0.5,1.4,1.8,SG
Jalen Pickett,DEN,25,49,13.6,4.1,1.4,2.2,0.4,0.1,0.5,0.428,0.396,0.75,1.1,74,202,2023,2,32,0.545,0.561,0.044,2.6,8.8,5.9,19.5,1.4,0.7,11.6,13.2,-0.8,-0.7,-1.5,C
Jalen Smith,CHI,25,64,15,8.2,5.6,1,0.3,0.7,0.6,0.466,0.324,0.809,-0.6,81,215,2020,1,10,0.586,0.544,0.218,9.9,28.7,19.5,9.7,0.8,4,7.6,21,1.5,-0.6,0.9,PF
Jalen Suggs,ORL,24,35,28.6,16.2,4,3.7,1.5,0.9,2.9,0.41,0.314,0.882,0.1,77,205,2021,1,5,0.536,0.503,0.229,2.5,14.2,8.1,21.6,2.5,3.2,16.2,27.5,-0.8,1.3,0.4,PF
Jalen Williams,OKC,24,69,32.4,21.6,5.3,5.1,1.6,0.7,2.2,0.484,0.365,0.789,6.6,77,211,2022,1,12,0.573,0.291,0.256,2.9,14.6,8.8,23.4,2.4,2.1,10.3,27.5,2.7,1.4,4,SF
Jalen Wilson,BKN,24,79,25.7,9.5,3.4,1.8,0.5,0.1,1,0.397,0.337,0.818,-3.3,78,220,2023,2,51,0.541,0.584,0.266,4,11.4,7.5,10.8,1,0.2,10.2,16.6,-2.6,-1.3,-3.9,SF
Jamal Cain,NOP,26,37,13.6,5.3,2.3,0.6,0.6,0.2,0.6,0.43,0.325,0.68,-3.6,78,191,Undrafted,Undrafted,Undrafted,0.544,0.506,0.316,5.6,12.8,9.1,6.2,2.2,1.7,10.9,17,-2.5,-0.8,-3.4,SF
Jamal Murray,DEN,28,67,36.1,21.4,3.9,6,1.4,0.5,2.1,0.474,0.393,0.886,4.9,76,215,2016,1,7,0.584,0.354,0.219,2.2,9.3,5.9,23.2,1.8,1.2,10.1,24,1.8,-1,0.8,PF
Jamal Shead,TOR,22,75,19.6,7.1,1.5,4.2,0.8,0.1,1.6,0.405,0.323,0.768,-3.1,73,200,2024,2,45,0.499,0.442,0.137,2.1,6.4,4.2,29.8,1.9,0.7,18,18.6,-3.2,-0.9,-4.1,PG
James Harden,LAC,35,79,35.3,22.8,5.8,8.7,1.5,0.7,4.3,0.41,0.352,0.874,4.4,77,220,2009,1,3,0.582,0.516,0.446,2.3,16.1,9.3,36.8,2.1,2,18,29.6,3.5,0.8,4.3,PF
Jamison Battle,TOR,24,59,17.7,7.1,2.7,0.9,0.3,0.2,0.5,0.429,0.405,0.889,-3.1,79,220,Undrafted,Undrafted,Undrafted,0.59,0.746,0.052,3.7,12.8,8.1,7.1,0.8,0.9,7.1,15.3,-0.9,-1.3,-2.3,SG
Jarace Walker,IND,21,75,15.8,6.1,3.1,1.5,0.7,0.3,1,0.472,0.405,0.667,-1.9,79,235,2023,1,8,0.59,0.514,0.192,2.4,19,10.8,12.2,2.2,1.9,16.7,17.1,-1.8,0.8,-0.9,PG
Jared Butler,PHI,24,60,17.4,9,1.8,3.7,0.7,0.2,1.3,0.448,0.355,0.824,-2.2,75,193,2021,2,40,0.549,0.373,0.201,2.5,9.3,5.8,33.8,2,1.2,14,23.6,0.5,-1.5,-1,SF
Jared McCain,PHI,21,23,25.7,15.3,2.4,2.6,0.7,0,1.6,0.46,0.383,0.875,-1.2,75,195,2024,1,16,0.589,0.485,0.204,2.4,8.6,5.4,16.7,1.2,0,11,24.7,1.8,-1.6,0.2,C
Jaren Jackson Jr.,MEM,25,74,29.8,22.2,5.6,2,1.2,1.5,2.1,0.488,0.375,0.781,4.5,82,242,2018,1,4,0.591,0.321,0.328,4.4,15.5,10,10.1,1.9,4.7,9.9,28.1,1.6,0.8,2.3,C
Jarred Vanderbilt,LAL,26,36,16.1,4.1,5.1,1.1,1,0.3,0.8,0.488,0.281,0.556,1,80,214,2018,2,41,0.537,0.264,0.298,13.6,21.5,17.6,9.4,3,1.6,17.5,12.5,-2.3,1.3,-1,SG
Jarrett Allen,CLE,27,82,28,13.5,9.7,1.9,0.9,0.9,1.2,0.706,0,0.718,6.3,81,243,2017,1,22,0.724,0.008,0.433,10.5,26.7,18.8,9.5,1.6,2.9,11.3,15.9,3,1.2,4.2,PF
Javonte Green,CLE,31,68,18.5,5.1,3.2,0.8,1,0.5,0.5,0.429,0.326,0.724,-3.1,77,205,Undrafted,Undrafted,Undrafted,0.541,0.491,0.265,5,13.9,9.4,5.9,2.5,2.4,9.1,11.8,-2.8,0.5,-2.3,PG
Jaxson Hayes,LAL,25,56,19.5,6.8,4.8,1,0.6,0.9,0.8,0.722,0,0.622,1.6,84,220,2019,1,8,0.72,0.013,0.439,8.3,19.1,13.9,7.5,1.4,4.4,13.9,12.4,-1.6,1.3,-0.3,C
Jay Huff,MEM,27,64,11.7,6.9,2,0.6,0.3,0.9,0.5,0.515,0.405,0.786,0.4,85,240,Undrafted,Undrafted,Undrafted,0.666,0.656,0.184,4.3,13.9,9.1,7,1,6.9,9.3,19.6,2.5,1,3.5,SG
Jaylen Brown,BOS,28,63,34.3,22.2,5.8,4.5,1.2,0.3,2.6,0.463,0.324,0.764,6.4,78,223,2016,1,3,0.555,0.32,0.288,4.1,14.4,9.3,21.4,1.7,0.8,11.4,28.9,0.4,-0.4,0,C
Jaylen Clark,MIN,23,40,13,4.1,1.3,0.7,0.9,0.1,0.2,0.467,0.431,0.784,1.1,76,205,2023,2,53,0.598,0.425,0.308,5.6,5.6,5.6,6.7,3.4,0.4,5.5,12,-2.9,2.7,-0.2,PG
Jaylen Wells,MEM,21,79,25.9,10.4,3.4,1.7,0.6,0.1,0.9,0.425,0.352,0.822,2.4,80,,2024,2,39,0.56,0.58,0.2,4.6,9.3,6.9,8.4,1,0.4,8.6,15.9,-1.2,-1,-2.2,PF
Jaylin Williams,OKC,23,47,16.7,5.9,5.6,2.6,0.5,0.6,0.7,0.439,0.399,0.767,6.4,81,240,2022,2,34,0.594,0.692,0.136,6.7,28.7,17.9,19,1.3,3.7,13,14.6,1.5,2.7,4.3,PF
Jaylon Tyson,CLE,22,47,9.6,3.6,2,0.9,0.3,0.1,0.6,0.43,0.345,0.792,0,78,215,2024,1,20,0.523,0.389,0.161,9.1,13.7,11.5,12.4,1.4,0.6,14,17.4,-2.4,-0.2,-2.7,PF
Jayson Tatum,BOS,27,72,36.4,26.8,8.7,6,1.1,0.5,2.9,0.452,0.343,0.814,7.4,80,210,2017,1,3,0.582,0.497,0.3,2,23.7,12.9,27,1.5,1.3,11.2,31.2,4.4,0.8,5.2,PF
Jeff Dowtin Jr.,PHI,28,41,15.1,7,1.5,1.9,0.6,0.3,0.4,0.487,0.4,0.733,-2.5,75,177,Undrafted,Undrafted,Undrafted,0.57,0.304,0.196,2.1,9.1,5.5,19.6,1.9,1.9,5.7,18.6,0.7,-0.5,0.2,SF
Jeff Green,HOU,38,32,12.4,5.4,1.8,0.6,0.2,0.1,0.3,0.504,0.367,0.808,-1.2,80,235,2007,1,5,0.649,0.653,0.215,2.9,12.9,7.8,7,0.7,0.9,6.4,14.7,0.3,0,0.4,SG
Jerami Grant,POR,31,47,32.4,14.4,3.5,2.1,0.9,1,1.4,0.373,0.365,0.849,-4.3,79,210,2014,2,39,0.523,0.516,0.289,1.8,10,5.8,9.5,1.3,2.7,9.1,19.4,-1.4,-0.3,-1.6,SG
Jeremiah Robinson-Earl,NOP,24,66,18.8,6.3,4.8,1.3,0.6,0.1,0.8,0.455,0.341,0.836,-5,80,240,2021,2,32,0.563,0.473,0.159,9.3,18.4,13.7,9.9,1.5,0.5,12.1,14.4,-0.9,-1.6,-2.5,PF
Jeremy Sochan,SAS,22,54,25.3,11.4,6.5,2.4,0.8,0.5,1.6,0.535,0.308,0.696,-1.6,80,230,2022,1,9,0.589,0.194,0.267,10,17.7,13.8,13.7,1.6,1.8,13.8,19,-0.8,-0.4,-1.2,PG
Jericho Sims,MIL,26,53,11.9,1.8,3.7,0.6,0.2,0.4,0.6,0.634,0,0.615,0.5,82,250,2021,2,58,0.639,0,0.183,12.9,22,17.6,6.4,0.8,2.8,30.1,7.6,-3.1,0.1,-3,PF
Jett Howard,ORL,21,60,11.7,4.5,1.2,0.7,0.2,0.2,0.6,0.374,0.296,0.696,-1.4,78,215,2023,1,11,0.491,0.71,0.088,3.1,8.6,5.7,9.6,0.9,1.5,11.7,19.2,-4.1,-1.2,-5.3,SF
Jevon Carter,CHI,29,36,8.9,4.3,1.1,1.1,0.4,0.1,0.3,0.377,0.333,0.8,1,73,200,2018,2,32,0.509,0.719,0.068,1.3,11.2,6.4,17.2,1.9,0.8,6.8,21,-1,-1.1,-2.1,C
Jimmy Butler,GSW,35,55,31.7,17.5,5.4,5.4,1.4,0.3,1.3,0.504,0.308,0.842,4.5,79,230,2011,1,30,0.626,0.174,0.657,7.7,10.8,9.2,25.5,2.2,1,8.8,20.8,4,1,4.9,PG
Jock Landale,HOU,29,42,11.9,4.8,3.3,0.9,0.3,0.2,0.5,0.533,0.423,0.675,-0.6,83,255,Undrafted,Undrafted,Undrafted,0.59,0.171,0.263,11.7,17.6,14.6,10.3,1.3,1.8,11,15.7,0,0.4,0.4,SF
John Collins,UTA,27,40,30.5,19,8.2,2,1,1,2.6,0.527,0.399,0.848,-0.4,81,226,2017,1,19,0.628,0.279,0.309,7.9,20.9,14.4,10.8,1.5,3.1,14.6,24.2,1.4,-0.4,1,PF
John Konchar,MEM,29,46,12.1,2.4,3.3,0.9,0.7,0.3,0.3,0.451,0.371,0.875,1.3,77,210,Undrafted,Undrafted,Undrafted,0.592,0.681,0.088,7.1,21.4,14.3,8.8,2.5,2.3,14.5,8,-0.7,2.3,1.7,C
Johnny Davis,WAS,23,34,7.1,2.4,1.1,0.3,0.4,0.2,0.2,0.41,0.241,0.6,-0.8,76,195,2022,1,10,0.473,0.372,0.192,4.3,12.1,8.2,6.6,2.9,2.2,7.6,15.9,-3.5,0.7,-2.8,SG
Johnny Furphy,IND,20,50,7.6,2.1,1.4,0.4,0.4,0.2,0.2,0.38,0.3,0.818,0.4,81,200,2024,2,35,0.506,0.543,0.239,6.8,14,10.4,6.2,2.3,2.6,10.6,13,-3,0.6,-2.5,SF
Johnny Juzang,UTA,24,64,19.8,8.9,2.9,1.1,0.6,0.1,0.6,0.429,0.376,0.849,-5.6,77,226,Undrafted,Undrafted,Undrafted,0.573,0.661,0.112,3.6,12,7.8,7.9,1.5,0.6,6.7,17.6,-0.9,-1.4,-2.3,PG
Jonas Valanciunas,SAC,33,81,18.8,10.4,7.7,2,0.5,0.6,1.5,0.55,0.216,0.879,-3.8,83,265,2011,1,5,0.602,0.059,0.263,13.3,30.7,22,17.6,1.2,2.8,14.6,22.8,0.8,-0.1,0.6,C
Jonathan Isaac,ORL,27,71,15.4,5.4,4.4,0.6,0.9,1.1,0.5,0.414,0.258,0.682,-0.5,82,230,2017,1,6,0.512,0.466,0.33,12,21.5,16.5,5.5,2.8,7,8.2,16.2,-1.1,1.8,0.7,SG
Jonathan Kuminga,GSW,22,47,24.3,15.3,4.6,2.2,0.8,0.4,1.5,0.454,0.305,0.668,0.2,79,225,2021,1,7,0.535,0.266,0.414,5.1,15.6,10.2,14.6,1.6,1.7,9.6,27.4,-0.5,-0.1,-0.6,SG
Jonathan Mogbo,TOR,23,63,20.4,6.2,4.9,2.3,0.9,0.5,1.1,0.438,0.243,0.732,-3.8,81,225,2024,2,31,0.496,0.197,0.23,8.9,17.3,13,15.3,2.1,2.5,15.1,15,-2.9,1,-1.9,SF
Jordan Clarkson,UTA,33,37,26,16.2,3.2,3.7,0.8,0.2,2.3,0.408,0.362,0.797,-5.5,75,194,2014,2,46,0.54,0.471,0.29,2.8,10.4,6.6,22.9,1.5,0.9,13.4,27.8,0.6,-2.1,-1.5,SF
Jordan Goodwin,LAL,26,29,18.7,5.6,3.9,1.4,1,0.4,0.9,0.438,0.382,0.818,-0.4,77,215,Undrafted,Undrafted,Undrafted,0.541,0.472,0.076,8.1,14.9,11.6,10.5,2.7,1.9,14.9,14.1,-1.7,0.8,-0.8,SG
Jordan Hawkins,NOP,23,56,23.6,10.8,2.8,1.2,0.5,0.4,1,0.372,0.331,0.816,-5.7,77,190,2023,1,14,0.504,0.597,0.176,2,11.2,6.5,7.3,1.1,1.7,8.8,21,-2.4,-3,-5.4,C
Jordan McLaughlin,SAS,29,46,6.8,2.1,0.7,1.1,0.3,0,0.3,0.431,0.413,0.773,1.2,72,185,Undrafted,Undrafted,Undrafted,0.6,0.639,0.306,2.1,8.5,5.3,21,2.5,0.3,16.4,13.3,-1.6,0,-1.6,PG
Jordan Miller,LAC,25,37,11.4,4.1,1.6,0.9,0.5,0.1,0.7,0.433,0.211,0.8,-1.7,77,194,2023,2,48,0.509,0.284,0.261,6.3,9.3,7.8,11.2,2,1.2,14.8,18.2,-3,0.2,-2.8,SG
Jordan Poole,WAS,26,68,29.4,20.5,3,4.5,1.3,0.4,3,0.432,0.378,0.883,-8.2,76,194,2019,1,28,0.591,0.588,0.259,1.6,9,5.3,25.6,2,1.2,14.8,29,2,-1.6,0.4,PF
Jordan Walsh,BOS,21,52,7.8,1.6,1.3,0.4,0.2,0.2,0.3,0.361,0.273,0.583,0.5,78,205,2023,2,38,0.464,0.663,0.145,6.2,12.4,9.3,6,1.5,2.5,16.1,11.5,-4.4,0.5,-3.9,SF
Jose Alvarado,NOP,27,56,24.4,10.3,2.4,4.6,1.3,0.3,1.5,0.392,0.359,0.811,-4.1,72,179,Undrafted,Undrafted,Undrafted,0.523,0.593,0.142,2.1,8.9,5.4,27.3,2.6,1,13.4,19.8,-0.6,-0.8,-1.4,PG
Josh Giddey,CHI,22,70,30.2,14.6,8.1,7.2,1.2,0.6,2.9,0.465,0.378,0.781,-1,80,216,2021,1,6,0.57,0.348,0.281,6.4,21.4,14,32.9,1.9,1.8,18.4,21.7,1.9,1.1,3,PG
Josh Green,CHA,24,68,27.8,7.4,2.5,1.6,1.1,0.2,1,0.428,0.391,0.681,-5.4,77,200,2020,1,18,0.559,0.589,0.171,3.1,6.7,4.9,8.2,1.9,0.8,13.4,11.8,-4.5,0.2,-4.3,PG
Josh Hart,NYK,30,77,37.6,13.6,9.6,5.9,1.5,0.4,2.1,0.525,0.333,0.776,2.6,76,215,2017,1,30,0.611,0.327,0.266,6.4,22.6,14.6,20.7,2,0.9,15.5,15.3,1.1,1.8,2.8,PG
Josh Minott,MIN,22,46,6,2.6,1,0.4,0.3,0.3,0.2,0.489,0.326,0.895,-0.3,80,205,2022,2,45,0.605,0.478,0.211,4.9,13.8,9.4,9.5,2.7,4,10.1,17.2,-0.7,2.9,2.2,PF
Josh Okogie,CHA,26,40,15.6,7.1,2.8,0.8,1.2,0.5,0.8,0.443,0.348,0.741,-0.3,76,213,2018,1,20,0.567,0.434,0.401,8,11.8,9.9,7.9,3.8,2.8,11.1,19.5,-0.1,1.6,1.5,C
Jrue Holiday,BOS,35,62,30.6,11.1,4.3,3.9,1.1,0.4,1.2,0.443,0.353,0.909,5.5,76,205,2009,1,17,0.565,0.534,0.134,4.4,10.8,7.6,17.3,1.7,1.3,11.3,15.8,-0.3,1,0.7,SF
JT Thor,WAS,22,20,12.5,3.6,2.4,0.3,0.4,0.5,0.5,0.424,0.286,0.682,-4.8,81,203,2021,2,37,0.517,0.356,0.373,8.4,11.8,10.1,3.3,1.5,3.2,11.6,13.1,-4.3,-1.1,-5.4,PF
Julian Champagnie,SAS,24,82,23.6,9.9,3.9,1.4,0.7,0.4,0.9,0.415,0.371,0.904,-0.8,79,217,Undrafted,Undrafted,Undrafted,0.577,0.722,0.141,3.7,13.9,8.8,7.9,1.5,1.6,9.5,17.2,-0.3,-0.9,-1.3,SG
Julian Phillips,CHI,21,79,14.2,4.6,2.1,0.5,0.5,0.3,0.3,0.446,0.327,0.789,0.4,80,198,2023,2,35,0.571,0.533,0.265,6.4,9.4,7.9,4.4,1.6,1.5,7.8,12.9,-2.6,-0.4,-3,SG
Julian Strawther,DEN,23,65,21.3,9,2.2,1.3,0.6,0.2,0.9,0.432,0.349,0.822,-1.1,78,205,2023,1,29,0.559,0.553,0.185,1.4,9.5,5.6,7.6,1.4,1,9.8,17.8,-3.1,-1.4,-4.5,SG
Julius Randle,MIN,30,69,32.3,18.7,7.1,4.7,0.7,0.2,2.8,0.485,0.344,0.806,2.4,81,250,2014,1,7,0.593,0.334,0.357,7.3,16.8,12.1,22.5,1,0.7,15.3,25,1.5,-0.2,1.3,C
Justin Champagnie,WAS,24,62,21.6,8.8,5.7,1,1,0.6,0.9,0.511,0.383,0.685,-4.6,78,206,Undrafted,Undrafted,Undrafted,0.614,0.47,0.178,8.6,18.6,13.6,6.8,2.3,2.6,10.9,15.6,-0.3,-0.2,-0.5,PF
Justin Edwards,PHI,21,44,26.2,10.1,3.4,1.6,1,0.4,1.1,0.455,0.363,0.696,-6.4,79,203,Undrafted,Undrafted,Undrafted,0.559,0.503,0.122,4.3,10.4,7.3,8.9,1.9,1.4,11,16.9,-2.1,-1.6,-3.7,C
Jusuf Nurkic,CHA,30,51,20.8,8.9,7.8,2.3,0.8,0.7,1.9,0.477,0.305,0.664,-3.6,84,290,2014,1,16,0.555,0.298,0.364,8.8,32,20.5,16.8,1.9,3.1,19.2,20.6,-2.2,0.9,-1.3,SG
Kai Jones,DAL,24,40,11.7,5,3.1,0.6,0.4,0.6,0.5,0.798,0.2,0.719,-0.5,83,221,2021,1,19,0.804,0.046,0.294,9.6,19.7,14.8,7.9,1.6,4.6,12.8,13,1.4,1.5,2.9,C
Karl-Anthony Towns,NYK,29,72,35,24.4,12.8,3.1,1,0.7,2.7,0.526,0.42,0.829,5.3,84,248,2015,1,1,0.63,0.278,0.337,9.8,32,21,13.8,1.4,1.9,12.1,27.4,3.5,0.1,3.6,C
Karlo Matkovic,NOP,24,42,18.8,7.7,5,1.1,0.5,1,1,0.574,0.318,0.773,-2.1,82,231,2022,2,52,0.639,0.281,0.187,8.5,20.4,14.2,8.6,1.3,5,14.5,15.9,-1.9,-0.2,-2,SF
Kawhi Leonard,LAC,34,37,31.9,21.5,5.9,3.1,1.6,0.5,1.9,0.498,0.411,0.81,8,79,225,2011,1,15,0.589,0.305,0.194,3.4,17.4,10.5,16.4,2.5,1.4,9.6,27.7,2.5,0.6,3.1,SG
Keaton Wallace,ATL,26,31,16.2,5.4,1.6,2.6,0.9,0.3,1.1,0.401,0.329,1,-0.6,75,185,Undrafted,Undrafted,Undrafted,0.503,0.506,0.068,1.5,9.6,5.5,21,2.6,1.7,16.5,16.4,-3.3,1,-2.3,SF
Keegan Murray,SAC,24,76,34.3,12.4,6.7,1.4,0.8,0.9,0.8,0.444,0.343,0.833,0.6,80,225,2022,1,4,0.553,0.548,0.088,6.3,15.5,10.9,5.6,1.1,2.6,6.6,15,-0.8,-0.8,-1.6,SG
Keldon Johnson,SAS,25,77,23.9,12.7,4.8,1.6,0.6,0.3,1,0.482,0.318,0.773,-2.8,77,220,2019,1,29,0.572,0.356,0.252,6.5,15.1,10.8,10.2,1.3,1.1,8.3,21.6,0,-1.6,-1.6,SG
Kel'el Ware,MIA,21,64,22.2,9.3,7.4,0.9,0.6,1.1,0.9,0.554,0.315,0.687,0.6,84,230,2024,1,15,0.603,0.239,0.144,9.1,27.5,18.4,6.5,1.4,4.8,10.4,17.2,-0.7,0.6,-0.1,SG
Kelly Olynyk,NOP,34,44,20.2,8.7,4.7,2.9,0.8,0.4,1.7,0.5,0.418,0.769,-1.3,83,240,2013,1,13,0.609,0.295,0.403,7.3,17.9,12.4,20.5,1.8,2,19.4,18.5,-1.1,0.4,-0.7,PF
Kelly Oubre Jr.,PHI,29,60,34.6,15.1,6.1,1.8,1.5,0.5,1.3,0.47,0.293,0.751,-4.3,80,203,2015,1,15,0.551,0.327,0.25,5.1,15.4,10,7.9,2.2,1.4,8.9,18.9,-1.7,-0.6,-2.3,SG
Kenrich Williams,OKC,30,69,16.4,6.3,3.5,1.4,0.6,0.1,0.6,0.483,0.386,0.718,4.8,78,210,Undrafted,Undrafted,Undrafted,0.587,0.483,0.11,6.3,16.3,11.4,11,1.8,0.9,9.5,15.4,-0.4,0.9,0.6,PF
Kentavious Caldwell-Pope,MEM,32,77,29.6,8.7,2.2,1.8,1.3,0.4,0.8,0.439,0.342,0.863,0.1,77,204,2013,1,8,0.574,0.607,0.175,1.6,7.2,4.3,8.7,2.2,1.4,9.6,12.4,-3,1.6,-1.4,PG
Keon Ellis,SAC,25,80,24.4,8.3,2.7,1.5,1.5,0.8,0.9,0.489,0.433,0.849,0.8,76,175,Undrafted,Undrafted,Undrafted,0.664,0.692,0.185,3.4,8.8,6.1,8,3,3.2,12.4,12.7,-0.1,2,1.9,PG
Keon Johnson,BKN,23,79,24.4,10.6,3.8,2.2,1,0.4,1.5,0.389,0.314,0.77,-5.4,77,185,2021,1,21,0.499,0.515,0.178,3.5,14.5,8.8,14.6,2.1,1.5,12.1,21.7,-3.1,-0.1,-3.3,PG
Kessler Edwards,DAL,24,40,15.2,4.2,2.9,1.1,0.5,0.5,0.4,0.496,0.407,0.923,-4,79,203,2021,2,44,0.597,0.4,0.096,4,16.3,10.3,9.1,1.5,2.8,10.2,11.1,-2,0.6,-1.4,PF
Kevin Durant,PHX,36,62,36.5,26.6,6,4.2,0.8,1.2,3.1,0.527,0.43,0.839,-0.6,83,240,2007,1,2,0.642,0.331,0.321,1.2,16.9,9.2,19.6,1.1,3.2,12.9,28.7,3.9,-0.7,3.2,PF
Kevin Huerter,CHI,26,69,24.3,9.9,3,2.3,1,0.3,1,0.425,0.338,0.714,1.5,79,198,2018,1,19,0.544,0.647,0.081,2,11.3,6.7,12.6,1.9,1.3,9.7,17.5,-1.8,-0.2,-2,PF
Kevin Love,MIA,36,23,10.9,5.3,4.1,1,0.7,0.2,0.6,0.357,0.358,0.696,-1.1,80,251,2008,1,5,0.488,0.583,0.2,9.8,31.4,20.7,13.1,3,1.5,10.1,24.6,-0.3,0.7,0.4,PF
Kevin Porter Jr.,MIL,25,75,19.8,10.3,3.7,3.4,1.1,0.2,1.8,0.449,0.311,0.769,0.4,76,203,2019,1,30,0.531,0.271,0.259,3.2,17.3,10.4,25.9,2.7,0.9,15.8,25.4,-1.6,0.9,-0.6,C
Kevon Looney,GSW,29,76,15,4.5,6.1,1.6,0.6,0.5,0.5,0.514,0.4,0.566,1.5,81,222,2015,1,30,0.535,0.018,0.356,16.9,26.9,21.8,14.3,2,3.1,10.8,13.3,-1,1.3,0.3,C
Keyonte George,UTA,21,67,31.5,16.8,3.8,5.6,0.7,0.1,2.7,0.391,0.343,0.818,-7.6,76,185,2023,1,16,0.539,0.552,0.31,1.3,11.5,6.5,26.9,1,0.4,14.9,24.3,-0.2,-2.5,-2.7,SF
Khris Middleton,WAS,33,37,22.8,11.9,3.7,4.1,0.9,0.2,1.5,0.475,0.361,0.857,1.1,79,222,2012,2,39,0.588,0.395,0.249,1.7,15.4,8.7,26.8,2,0.9,13,22,0.4,0.3,0.7,PG
KJ Martin,UTA,24,43,21.2,6.4,2.9,1.1,0.4,0.5,0.6,0.552,0.259,0.787,-3.3,78,215,2020,2,52,0.618,0.289,0.234,3.6,11.8,7.6,7.4,0.9,2.3,9.8,11.5,-3.2,-0.3,-3.6,SF
KJ Simpson,CHA,22,36,23.4,7.8,3,3.1,0.9,0.2,1.6,0.346,0.254,0.82,-7.7,72,189,2024,2,42,0.437,0.432,0.166,4.8,9,6.9,19.8,2,0.7,14.8,19.1,-4.5,-0.9,-5.4,C
Klay Thompson,DAL,35,72,27.3,14,3.4,2,0.7,0.4,1.2,0.412,0.391,0.905,-1.1,77,220,2011,1,11,0.552,0.631,0.084,2.5,11,6.8,10.7,1.2,1.3,8.8,21.8,0.7,-1.6,-1,SF
Kobe Brown,LAC,25,40,6.8,1.9,1.6,0.6,0.2,0.1,0.3,0.458,0.231,0.714,-1.3,79,250,2023,1,30,0.513,0.361,0.097,8,18.9,13.5,11.9,1.3,1.5,13.8,14,-2.5,0.4,-2.1,C
Kris Dunn,LAC,31,74,24.1,6.4,3.4,2.8,1.7,0.4,1,0.439,0.335,0.682,3.5,75,205,2016,1,5,0.531,0.513,0.05,3.4,12.4,8,15.6,3.5,1.5,14.2,12.7,-2.8,3.4,0.6,PF
Kris Murray,POR,24,69,15.1,4.2,2.6,1,0.5,0.2,0.6,0.419,0.225,0.456,-0.7,80,216,2023,1,23,0.472,0.43,0.204,7.7,11.3,9.5,9,1.6,1.5,12.4,13.9,-3.1,0.1,-3,SG
Kristaps Porzingis,BOS,29,42,28.8,19.5,6.8,2.1,0.7,1.5,1.3,0.483,0.412,0.809,4.1,86,240,2015,1,4,0.618,0.436,0.347,6.1,19.3,12.8,11.4,1.3,4.8,7.4,25.9,3.5,1.2,4.7,SG
Kyle Anderson,MIA,31,61,16.4,5.9,3.4,2.4,0.7,0.5,0.6,0.469,0.357,0.738,-0.4,81,230,2014,1,30,0.538,0.231,0.215,5.7,16.8,11.2,20.7,2,3.1,10,15.9,-0.6,2.2,1.5,SG
Kyle Filipowski,UTA,21,72,21.1,9.6,6.1,1.9,0.7,0.3,1.4,0.502,0.35,0.65,-5.1,83,250,2024,2,32,0.594,0.425,0.276,8,23.1,15.6,13.9,1.5,1.4,14.9,18.7,-0.6,-0.3,-1,SG
Kyle Kuzma,MIL,29,65,29.8,14.8,5.7,2.3,0.6,0.3,2.2,0.436,0.307,0.634,-6.4,81,221,2017,1,27,0.514,0.369,0.238,3,17.1,10.2,12.1,0.9,0.9,13.5,24,-2.9,-2,-4.9,C
Kyle Lowry,PHI,39,35,18.8,3.9,1.9,2.7,0.9,0.3,0.6,0.35,0.33,0.818,-2,72,196,2006,1,24,0.525,0.752,0.282,1.8,10,5.8,19.2,2.5,1.6,13.8,10.1,-2.8,1.5,-1.3,PF
Kyrie Irving,DAL,33,50,36.1,24.7,4.8,4.6,1.3,0.5,2.2,0.473,0.401,0.916,2.5,74,195,2011,1,1,0.594,0.38,0.226,3.7,10.6,7.2,20.5,1.8,1.1,9.7,27.4,3.9,-0.5,3.4,PF
Kyshawn George,WAS,21,68,26.5,8.7,4.2,2.5,1,0.7,1.4,0.372,0.322,0.753,-5.3,80,200,2024,1,24,0.503,0.648,0.17,2.8,13.7,8.2,13.3,1.8,2.5,14.2,15.9,-3.8,-0.3,-4.1,PF
LaMelo Ball,CHA,23,47,32,25.2,4.9,7.4,1.1,0.3,3.6,0.405,0.339,0.843,-2.8,79,180,2020,1,3,0.536,0.526,0.228,3.3,13.4,8.2,43.8,1.8,0.8,13.1,35.9,4.1,-0.9,3.2,SG
Landry Shamet,NYK,28,50,15.2,5.7,1.2,0.5,0.5,0,0.4,0.461,0.397,0.667,1.8,76,190,2018,1,26,0.601,0.678,0.078,1.7,7.5,4.6,4.7,1.5,0.2,8.5,14.8,-1.9,-0.6,-2.4,PG
Larry Nance Jr.,ATL,32,24,19.3,8.5,4.3,1.6,0.8,0.5,0.7,0.516,0.447,0.692,-4,80,245,2015,1,27,0.632,0.49,0.084,5.3,19.4,12.2,11.3,2,2.6,9.1,15.7,1.1,0.7,1.8,SG
Lauri Markkanen,UTA,28,47,31.4,19,5.9,1.5,0.7,0.4,1.4,0.423,0.346,0.876,-4,84,240,2017,1,7,0.571,0.57,0.264,5.3,14.9,10.1,7.5,1.1,1.1,7.8,24,1.8,-2.1,-0.3,PG
LeBron James,LAL,40,70,34.9,24.4,7.8,8.2,1,0.6,3.7,0.513,0.376,0.782,-0.8,81,250,2003,1,1,0.604,0.312,0.261,3.4,21.2,12.6,40.3,1.4,1.5,15.5,30.1,4.9,0.7,5.6,SF
Lindy Waters III,DET,27,52,15,4.9,2.1,1,0.5,0.2,0.4,0.369,0.344,0.727,0.3,78,210,Undrafted,Undrafted,Undrafted,0.504,0.747,0.044,2.7,12.8,7.6,9.1,1.7,1.3,7.3,14.8,-3,0.2,-2.8,SG
Lonnie Walker IV,PHI,26,20,23.8,12.4,3.2,2.5,0.5,0.3,1.3,0.42,0.354,0.8,-7.1,76,204,2018,1,18,0.548,0.599,0.142,1.4,14.1,7.5,16.5,1,1,10,22.8,0,-2.4,-2.4,PF
Lonzo Ball,CHI,27,35,22.2,7.6,3.4,3.3,1.3,0.5,1.2,0.366,0.344,0.815,2.9,78,190,2017,1,2,0.524,0.802,0.111,3.4,12.3,8,18.9,2.8,1.9,13.9,15.9,-1.5,1.7,0.2,PG
Luguentz Dort,OKC,26,71,29.2,10.1,4.1,1.6,1.1,0.5,0.7,0.435,0.412,0.717,7.7,76,220,Undrafted,Undrafted,Undrafted,0.586,0.696,0.078,4.7,10.3,7.6,6.9,1.8,1.9,7.7,13.6,-0.6,0.8,0.2,SG
Luka Doncic,LAL,26,50,35.4,28.2,8.2,7.7,1.8,0.4,3.6,0.45,0.368,0.782,6.9,78,230,2018,1,3,0.587,0.469,0.385,2.6,22.6,12.8,36.1,2.5,1.1,13,33.9,5.5,1.2,6.7,PG
Luka Garza,MIN,26,39,5.6,3.5,1.4,0.3,0.2,0.1,0.3,0.495,0.278,0.686,0,82,243,2021,2,52,0.573,0.343,0.333,16,11.5,13.7,8.2,1.4,1.3,9.1,26.2,-0.4,-1.9,-2.3,SG
Luke Kennard,MEM,29,65,22.6,8.9,2.8,3.3,0.8,0.1,1.1,0.478,0.433,0.895,1.9,77,206,2017,1,12,0.631,0.606,0.132,2.7,10.4,6.6,18.5,1.6,0.3,13.6,14.5,0.9,0.2,1.1,SG
Luke Kornet,BOS,29,73,18.6,6,5.3,1.6,0.5,1,0.4,0.668,0,0.691,5.5,85,250,Undrafted,Undrafted,Undrafted,0.683,0.011,0.346,15.2,15.8,15.5,11.9,1.3,4.8,8.8,11.4,1.6,1.7,3.3,SF
Malaki Branham,SAS,22,47,9.1,5,1.1,0.8,0.2,0,0.7,0.458,0.405,0.818,-0.7,76,180,2022,1,20,0.575,0.442,0.174,1.8,11.1,6.4,13.4,1.2,0.4,14.3,23.8,-1.2,-1.9,-3.2,SG
Malcolm Brogdon,WAS,32,24,23.5,12.7,3.8,4.1,0.5,0.2,1.6,0.433,0.286,0.88,-5,76,229,2016,2,36,0.544,0.233,0.383,3.9,13,8.4,27.4,1.1,0.8,11.9,23.7,-0.1,-1.5,-1.5,SG
Malik Beasley,DET,28,82,27.8,16.3,2.6,1.7,0.9,0.1,1,0.43,0.416,0.679,2.1,76,187,2016,1,19,0.59,0.715,0.131,2.3,8,5.2,8.9,1.5,0.2,6.8,22.5,2,-1.2,0.8,PG
Malik Monk,SAC,27,65,31.6,17.2,3.8,5.6,0.9,0.6,2.4,0.439,0.325,0.865,1.8,75,200,2017,1,11,0.549,0.456,0.19,1.6,11.7,6.7,25.7,1.5,1.8,13.5,24.6,0.3,-1.1,-0.8,PF
Marcus Sasser,DET,24,57,14.2,6.6,1.2,2.3,0.6,0.1,0.9,0.463,0.382,0.843,0.7,74,195,2023,1,25,0.589,0.514,0.172,2.5,6.9,4.7,22.9,2.2,0.5,14.5,19.4,-0.4,-0.2,-0.6,SF
Marcus Smart,WAS,31,34,20,9,2.1,3.2,1.1,0.3,1.6,0.393,0.348,0.761,1.2,75,220,2014,1,6,0.529,0.549,0.276,2.8,8.3,5.6,21.7,2.7,1.2,15.8,20.6,-1.6,0.1,-1.5,SF
MarJon Beauchamp,NYK,24,35,4.5,2.3,1.3,0.3,0.1,0,0.4,0.415,0.345,0.75,0.3,79,199,2022,1,24,0.535,0.446,0.308,8,22.6,15.6,10.2,1.2,0.6,16.9,24.9,-2.7,-1.6,-4.3,SG
Mark Williams,CHA,23,44,26.6,15.3,10.2,2.5,0.7,1.2,1.6,0.604,0,0.804,-6.8,84,240,2022,1,15,0.647,0.009,0.365,11.8,29.3,20.3,16.5,1.3,4.5,12,21.4,2.5,0.9,3.5,PF
Markelle Fultz,SAC,27,21,8.8,2.9,1,1.3,0.5,0.1,0.7,0.418,0.5,1,0.2,76,209,2017,1,1,0.452,0.119,0.015,3.6,8.5,6.1,20,2.7,1.1,18.2,19.3,-4.5,-0.2,-4.7,SF
Marvin Bagley III,MEM,26,31,8.6,4.4,2.7,0.4,0.3,0.3,0.4,0.519,0.158,0.657,-0.3,82,235,2018,1,2,0.56,0.179,0.33,15,18.2,16.6,6.5,1.6,2.7,9,20.9,0.4,-1.6,-1.2,SF
Mason Plumlee,PHX,35,74,17.6,4.5,6.1,1.8,0.4,0.6,0.8,0.619,0,0.648,0.7,82,254,2013,1,22,0.645,0.02,0.634,10.2,28.4,19.5,13.6,1.3,3.4,18.6,10.8,-1.5,1,-0.6,SF
Matas Buzelis,CHI,20,80,18.9,8.6,3.5,1,0.4,0.9,0.9,0.454,0.361,0.815,-0.4,82,209,2024,1,11,0.571,0.479,0.195,3.9,15.2,9.6,7.2,0.9,4.3,10.9,18.7,-2,-0.5,-2.5,C
Max Christie,DAL,22,78,27.3,9.6,3.3,1.9,0.8,0.4,1.1,0.427,0.366,0.855,-1.1,77,190,2022,2,35,0.57,0.532,0.258,2,11.2,6.7,9.2,1.5,1.3,11.8,15.2,-2.1,-0.5,-2.5,C
Max Strus,CLE,29,50,25.5,9.4,4.3,3.2,0.5,0.2,1.1,0.442,0.386,0.824,4.4,77,215,Undrafted,Undrafted,Undrafted,0.607,0.786,0.091,4.6,13.6,9.2,15.6,1,0.9,12.2,14.7,1.1,0.2,1.3,C
Maxi Kleber,LAL,33,34,18.7,3,2.8,1.3,0.3,0.5,0.7,0.385,0.265,0.762,-0.5,82,240,Undrafted,Undrafted,Undrafted,0.489,0.51,0.219,4.4,11.7,8.1,8.3,0.7,2.3,17.9,8.7,-4.2,0.4,-3.8,PF
Maxwell Lewis,BKN,22,28,11.7,4.1,2,0.7,0.3,0.3,0.5,0.417,0.38,0.7,-2.4,79,215,2023,2,40,0.516,0.463,0.093,6,13.5,9.5,9,1.4,2.1,11.1,16.9,-3.2,-1.1,-4.4,SF
Micah Potter,UTA,27,38,18.6,4.3,4.3,0.8,0.4,0.4,0.8,0.422,0.316,0.85,-2.7,81,248,Undrafted,Undrafted,Undrafted,0.563,0.726,0.148,6.6,18.4,12.5,5.8,1,1.9,17.7,10.3,-2.9,-0.6,-3.5,PG
Michael Porter Jr.,DEN,27,77,33.7,18.2,7,2.1,0.6,0.5,1.4,0.504,0.395,0.768,3.4,82,218,2018,1,14,0.617,0.467,0.185,6.1,16.2,11.4,8.7,0.9,1.3,8.4,20.2,1.6,-1.7,-0.1,PF
Mikal Bridges,NYK,28,82,37,17.6,3.2,3.7,0.9,0.5,1.6,0.5,0.354,0.814,4.1,78,209,2018,1,10,0.585,0.391,0.1,2.7,7,4.9,14.4,1.2,1.3,9.7,19.6,0.4,-0.9,-0.5,SF
Mike Conley,MIN,37,71,24.7,8.2,2.6,4.5,1.1,0.2,1.1,0.4,0.41,0.9,3.7,72,175,2007,1,4,0.573,0.662,0.192,2.1,9.3,5.7,24.5,2.2,0.7,12.9,14.4,-0.1,1.3,1.2,SF
Miles Bridges,CHA,27,64,31.7,20.3,7.5,3.9,0.7,0.7,2.1,0.431,0.313,0.87,-4,79,225,2018,1,12,0.541,0.413,0.233,3.7,21.9,12.6,21.7,1.1,2.2,10.2,28,2.3,-0.5,1.8,C
Miles McBride,NYK,24,64,24.9,9.5,2.5,2.9,1,0.3,0.6,0.406,0.369,0.813,3.3,73,195,2021,2,36,0.531,0.57,0.117,3.4,8.1,5.8,15.6,2.1,1,6.7,16.8,-0.4,0.4,0,C
Mo Bamba,NOP,27,32,12.9,4.3,4.5,0.6,0.3,1,0.6,0.464,0.278,0.704,-2.3,84,231,2018,1,6,0.557,0.482,0.241,8.8,30.5,19.7,6,1.1,7.4,13.9,15.2,-2.7,1.9,-0.9,SF
Monte Morris,PHX,30,45,12.7,5.2,1.5,1.6,0.4,0.1,0.5,0.426,0.36,0.857,1,74,183,2017,2,51,0.546,0.441,0.215,2.4,10.5,6.5,18.1,1.7,0.5,9,18.1,-1,-0.8,-1.8,PF
Moritz Wagner,ORL,28,30,18.8,12.9,4.9,1.4,0.8,0.4,1.6,0.562,0.36,0.718,-0.6,83,245,2018,1,25,0.649,0.301,0.442,7.7,23.1,15,13.7,2.1,2,14.1,26.8,2.6,1.4,4,SG
Moses Moody,GSW,23,74,22.3,9.8,2.6,1.3,0.8,0.4,0.7,0.433,0.374,0.797,1.8,77,211,2021,1,14,0.578,0.593,0.234,3.3,9.2,6.2,8.3,1.7,1.8,7.9,17.4,-0.9,0,-0.9,SG
Mouhamed Gueye,ATL,22,33,16.1,6,4.2,0.8,0.8,1,0.5,0.421,0.259,0.762,2.6,82,210,2023,2,39,0.52,0.474,0.246,8.8,20,14.3,6.6,2.5,5.7,7.3,15.7,-1.6,1,-0.6,SG
Moussa Diabate,CHA,23,71,17.5,5.7,6.2,0.8,0.6,0.6,0.9,0.596,0,0.595,-1.7,81,210,2022,2,43,0.609,0.021,0.414,15.7,22,18.8,6.8,1.8,3.2,15.6,13.4,-1.4,-0.4,-1.9,SF
Myles Turner,IND,29,72,30.2,15.6,6.5,1.5,0.8,2,1.7,0.481,0.396,0.773,2.8,83,250,2015,1,11,0.612,0.486,0.293,4.7,19.4,12.1,7.1,1.2,6,11.8,20.7,0,0.4,0.4,SF
Naji Marshall,DAL,27,69,27.8,13.2,4.8,3,1,0.2,1.6,0.508,0.275,0.813,-2,78,220,Undrafted,Undrafted,Undrafted,0.584,0.306,0.225,4.4,14,9.3,15.8,1.8,0.5,12.5,20,-0.3,-0.5,-0.8,PF
Nate Williams,HOU,26,20,7.3,3.3,0.7,0.5,0.4,0.2,0.7,0.435,0.231,0.625,-1.2,77,205,Undrafted,Undrafted,Undrafted,0.496,0.419,0.129,3.6,5.9,4.7,8.8,2.6,2.4,17.6,22.3,-5.5,-0.2,-5.7,SG
Naz Reid,MIN,25,80,27.5,14.2,6,2.3,0.7,0.9,1.4,0.462,0.379,0.776,4.3,81,264,Undrafted,Undrafted,Undrafted,0.577,0.501,0.155,4.7,19.3,12.1,12.6,1.3,3,9.9,21.5,0.8,0.8,1.6,SF
Neemias Queta,BOS,25,62,13.9,5,3.8,0.7,0.3,0.7,0.6,0.65,0,0.754,2.5,84,248,2021,2,39,0.674,0.015,0.3,11.2,18.5,14.9,7.4,1,4.5,14.8,13.7,-1.7,1,-0.7,PF
Nic Claxton,BKN,26,70,26.9,10.3,7.4,2.2,0.9,1.4,1.2,0.563,0.238,0.513,-7.1,83,215,2019,2,31,0.569,0.037,0.271,9,22.7,15.5,13.7,1.6,5.3,12,16.8,-1.1,1.5,0.4,SF
Nick Richards,PHX,27,57,22,9.3,8.2,0.9,0.2,1,1.4,0.591,0,0.744,-4.1,84,245,2020,2,42,0.634,0.006,0.461,13.1,27.5,20.4,5.9,0.5,4.2,16.3,17.3,-2,-1.3,-3.3,SG
Nick Smith Jr.,CHA,21,60,22.8,9.9,2.1,2.4,0.3,0.1,1.4,0.391,0.34,0.935,-6.6,74,185,2023,1,27,0.502,0.539,0.081,1,9.1,5,16.7,0.6,0.4,12.2,20.8,-3.2,-2.6,-5.7,C
Nickeil Alexander-Walker,MIN,26,82,25.3,9.4,3.2,2.7,0.6,0.4,1.2,0.438,0.381,0.78,3.3,77,205,2019,1,17,0.579,0.601,0.192,2.9,11.1,7.1,15,1.2,1.5,12.9,16,-0.8,0.4,-0.4,PG
Nicolas Batum,LAC,36,78,17.5,4,2.8,1.1,0.7,0.5,0.4,0.437,0.433,0.81,1.9,80,230,2008,1,25,0.633,0.853,0.088,4,14,9,7.8,1.9,2.6,12.1,9,-1.2,2,0.8,SF
Nikola Jokic,DEN,30,70,36.7,29.6,12.7,10.2,1.8,0.6,3.3,0.576,0.417,0.8,8.5,83,284,2014,2,41,0.663,0.243,0.331,9,28.2,19.1,44.1,2.4,1.6,12.8,29.5,9.9,3.3,13.3,PG
Nikola Jovic,MIA,22,46,25.1,10.7,3.9,2.8,0.8,0.3,1.3,0.456,0.371,0.828,-0.4,82,205,2022,1,27,0.595,0.557,0.231,2.5,14.6,8.6,16.6,1.6,1.1,12.6,18.3,-0.3,0.6,0.3,PF
Nikola Vucevic,CHI,34,73,31.2,18.5,10.1,3.5,0.8,0.7,1.6,0.53,0.402,0.805,-1.3,82,260,2011,1,16,0.611,0.309,0.144,8.3,25.2,16.9,17.1,1.2,2,9.7,22.4,2.5,0.1,2.6,PG
Noah Clowney,BKN,20,46,22.7,9.1,3.9,0.9,0.5,0.5,1,0.358,0.333,0.838,-5.7,81,210,2023,1,21,0.516,0.702,0.215,4.5,15.8,9.9,5.9,1.1,2,10.2,19,-3.1,-1,-4.1,SF
Norman Powell,LAC,32,60,32.6,21.8,3.2,2.1,1.2,0.2,1.8,0.484,0.418,0.804,5.9,76,215,2015,2,46,0.615,0.453,0.28,1.2,9.6,5.5,10.2,1.8,0.5,9.2,26.1,1.7,-0.2,1.5,PF
Obi Toppin,IND,27,79,19.6,10.5,4,1.6,0.6,0.4,0.9,0.529,0.365,0.781,-1,81,220,2020,1,8,0.642,0.503,0.19,4.1,18.7,11.5,11.9,1.4,1.6,9.5,20.1,1.8,-0.1,1.7,SG
Ochai Agbaji,TOR,25,64,27.2,10.4,3.8,1.5,0.9,0.5,0.8,0.498,0.399,0.708,-3.3,77,215,2022,1,14,0.601,0.474,0.09,3.7,11.4,7.5,7.9,1.6,1.6,8.9,14.6,-0.9,0.2,-0.7,PG
OG Anunoby,NYK,27,74,36.6,18,4.8,2.2,1.5,0.9,1.4,0.476,0.372,0.81,4.1,79,240,2017,1,23,0.591,0.448,0.22,4.2,11,7.6,8.5,2,2.2,8.3,19.7,0.7,0.1,0.7,SF
Olivier-Maxence Prosper,DAL,22,52,11.2,3.9,2.4,0.8,0.5,0.1,0.3,0.402,0.235,0.645,-2,79,230,2023,1,24,0.484,0.293,0.437,8.4,15,11.8,9.1,2.2,0.9,6.3,16.3,-1.6,-0.5,-2.1,C
Onyeka Okongwu,ATL,24,74,27.9,13.4,8.9,2.3,0.9,0.9,1.2,0.567,0.324,0.759,0.5,82,240,2020,1,6,0.634,0.216,0.316,11.4,24,17.5,11.4,1.6,3,10.4,17.3,1.2,0.2,1.3,PF
Orlando Robinson,TOR,24,44,17.5,6.9,5,1.8,0.4,0.4,1.1,0.444,0.327,0.771,-2,82,235,Undrafted,Undrafted,Undrafted,0.519,0.199,0.268,12.1,18.7,15.4,14,1.1,2,14.4,18.5,-3,-0.4,-3.4,C
Oso Ighodaro,PHX,22,61,17.1,4.2,3.6,1.2,0.5,0.5,0.6,0.604,0,0.58,-0.3,84,235,2024,2,40,0.61,0.011,0.267,7.2,16.2,11.9,9.1,1.3,2.6,15.7,10.5,-2.9,0.3,-2.6,PF
Ousmane Dieng,OKC,22,37,10.9,3.8,2.2,0.8,0.5,0.2,0.5,0.432,0.324,0.688,1.2,81,185,2022,1,11,0.538,0.568,0.128,4.9,16.3,10.7,9.6,2,1.7,12,15.7,-2,1.1,-0.9,PG
P.J. Washington,DAL,26,57,32.2,14.7,7.8,2.3,1.1,1.1,2.1,0.453,0.381,0.722,0.9,78,230,2019,1,12,0.556,0.359,0.298,5,20.9,13.1,10.1,1.7,2.8,13.6,20.4,-1.1,0.2,-0.9,C
Paolo Banchero,ORL,22,46,34.4,25.9,7.5,4.8,0.8,0.6,3,0.452,0.32,0.727,-0.5,82,250,2022,1,1,0.551,0.299,0.423,3.5,22.4,12.5,26,1.1,1.7,11.2,33.6,3.4,0.2,3.5,SG
Pascal Siakam,IND,31,78,32.7,20.2,6.9,3.4,0.9,0.5,1.4,0.519,0.389,0.734,4,80,245,2016,1,27,0.599,0.274,0.261,5.9,17.6,11.8,15.7,1.3,1.5,7.6,24.2,2.2,-0.5,1.7,SG
Pat Connaughton,MIL,32,41,14.7,5.3,2.7,1.7,0.2,0.3,0.6,0.469,0.321,0.774,-0.3,77,209,2015,2,41,0.567,0.458,0.175,3.6,15.6,9.8,15.8,0.7,1.7,11.2,15.6,-1.4,-0.8,-2.3,PF
Pat Spencer,GSW,28,39,6.4,2.5,1.2,1.2,0.4,0.1,0.5,0.406,0.227,0.733,-0.4,75,205,Undrafted,Undrafted,Undrafted,0.455,0.218,0.149,6.3,13.7,9.9,28.1,2.7,1.1,14.3,21.2,-3,1.4,-1.6,PG
Patrick Baldwin Jr.,LAC,22,24,4.4,2.2,1,0.1,0.1,0.1,0.2,0.543,0.565,0.5,1.2,81,220,2022,1,28,0.721,0.657,0.114,4.8,19.7,12.3,4.6,1.3,1.7,12,16.4,2.4,-0.9,1.5,SG
Patrick Williams,CHI,23,63,25,9,3.8,2,0.8,0.5,1.4,0.397,0.353,0.723,-2.9,79,215,2020,1,4,0.512,0.527,0.161,2.9,12.7,7.9,10.3,1.4,1.8,13.5,16.9,-3,-0.7,-3.7,PF
Patty Mills,LAC,36,29,11.1,3.8,0.8,0.9,0.4,0.1,0.6,0.375,0.347,0.929,-0.5,74,180,2009,2,55,0.543,0.781,0.146,1.4,6,3.7,11.1,1.9,0.9,14.3,15.6,-3.2,0,-3.2,PF
Paul George,PHI,35,41,32.5,16.2,5.3,4.3,1.8,0.5,2.6,0.43,0.358,0.814,-2,80,220,2010,1,10,0.543,0.47,0.17,2,17.2,9.3,20.9,2.8,1.5,14.7,23.5,-0.5,0.1,-0.4,SF
Paul Reed,DET,26,45,9.7,4.1,2.7,1,0.9,0.6,0.6,0.507,0.286,0.762,1,81,210,2020,2,58,0.573,0.197,0.296,10.2,20.8,15.6,14,4.3,5.4,13.9,18,-1.2,4,2.9,SF
Payton Pritchard,BOS,27,80,28.4,14.3,3.8,3.5,0.9,0.2,1,0.472,0.407,0.845,5.4,73,195,2020,1,26,0.633,0.723,0.097,4.9,9.8,7.3,18.1,1.5,0.6,8.4,19,3.4,0.2,3.5,SG
Pelle Larsson,MIA,24,55,14.2,4.6,1.7,1.2,0.6,0.1,0.4,0.438,0.337,0.672,0.2,77,215,2024,2,44,0.546,0.468,0.3,4,9,6.5,11.6,2,0.9,9.5,14.4,-3.8,0.7,-3.1,C
Peyton Watson,DEN,22,68,24.3,8.1,3.4,1.4,0.7,1.4,0.8,0.477,0.353,0.693,-0.4,79,200,2022,1,30,0.564,0.318,0.32,3.3,11.8,7.7,7,1.4,5,10.3,13.9,-2.1,0.3,-1.8,SG
Precious Achiuwa,NYK,25,57,20.5,6.6,5.6,1,0.8,0.7,0.8,0.502,0.278,0.594,-0.8,80,243,2020,1,20,0.53,0.11,0.211,10,21,15.5,6.2,2,3.3,11.2,14.9,-2.1,0.2,-1.9,SG
Quentin Grimes,PHI,25,75,26.8,14.6,4.3,3,1,0.3,1.9,0.467,0.385,0.757,-3.5,76,210,2021,1,25,0.595,0.512,0.26,3.2,14.7,8.9,17.7,1.8,1,13.3,22.8,1.3,-0.9,0.4,PG
Quenton Jackson,IND,26,28,13.6,5.8,1.6,1.9,0.8,0.2,0.6,0.475,0.375,0.775,0,77,173,Undrafted,Undrafted,Undrafted,0.58,0.328,0.328,4.1,8.7,6.4,18.6,2.6,1.2,10.3,17.7,-1.2,0.8,-0.3,SF
Quinten Post,GSW,25,42,16.3,8.1,3.5,1.3,0.4,0.4,0.8,0.449,0.408,0.778,1,84,238,2024,2,52,0.595,0.653,0.099,5.3,18.3,11.6,12.2,1.1,2.5,10.3,19.6,0.1,0,0.1,PG
Rayan Rupert,POR,21,52,8.8,3,1.3,0.5,0.3,0.1,0.6,0.408,0.271,0.767,-1.7,78,195,2023,2,43,0.499,0.415,0.211,6,10.6,8.2,7.6,1.7,0.8,16.2,16.8,-4.1,-0.6,-4.7,C
Reece Beekman,BKN,23,36,13,2.6,1.1,1.8,0.9,0.1,0.6,0.327,0.175,0.762,-3.3,75,190,Undrafted,Undrafted,Undrafted,0.4,0.374,0.196,3,6.6,4.7,19.1,3.5,0.4,15.3,12.8,-6.7,1.3,-5.4,SG
Reed Sheppard,HOU,21,52,12.6,4.4,1.5,1.4,0.7,0.3,0.7,0.351,0.338,0.813,-1,74,185,2024,1,3,0.465,0.594,0.067,2.6,10.3,6.4,15.2,2.6,2.3,13.1,17.8,-3,1.3,-1.7,C
Reggie Jackson,PHI,35,31,12.4,4.4,1.4,1.5,0.5,0.1,0.5,0.391,0.338,0.778,-0.6,74,208,2011,1,24,0.496,0.556,0.068,2.3,10.4,6.2,17.1,2.1,0.8,11,17.5,-3.2,-0.8,-4,SG
Richaun Holmes,WAS,31,31,17.2,7.4,5.7,1.4,0.3,0.7,0.7,0.647,0,0.833,-1.2,81,235,2015,2,37,0.695,0.022,0.432,12,22.5,17.2,12.1,0.8,3.9,11.3,14.7,1.2,0,1.1,SG
Ricky Council IV,PHI,23,73,17.1,7.3,2.9,1.3,0.4,0.2,0.7,0.382,0.258,0.804,-2.2,78,207,Undrafted,Undrafted,Undrafted,0.502,0.46,0.33,4.4,15.4,9.7,11.4,1.3,1,8.9,20.3,-2,-2.3,-4.3,PG
RJ Barrett,TOR,25,58,32.2,21.1,6.3,5.4,0.8,0.3,2.9,0.468,0.35,0.63,-2.4,78,214,2019,1,3,0.547,0.312,0.317,3.4,17.9,10.5,27.3,1.2,0.9,12.9,28.7,1.2,-0.7,0.6,SG
Rob Dillingham,MIN,20,49,10.5,4.5,1,2,0.4,0,1.1,0.441,0.338,0.533,0.4,75,175,2024,1,8,0.503,0.351,0.071,2.6,8,5.4,28.4,1.9,0.2,19.6,22.7,-3.3,-0.9,-4.2,PG
Robert Williams,POR,27,20,17.6,5.8,5.9,1.1,0.7,1.7,0.9,0.641,0.333,0.882,-0.9,81,249,2018,1,27,0.679,0.038,0.218,10.5,26.3,18.2,8.6,1.8,8.5,16.6,12.2,-0.1,3.2,3,SF
Ron Holland,DET,19,81,15.6,6.4,2.7,1,0.6,0.2,0.9,0.474,0.238,0.754,-0.7,80,206,2024,1,5,0.556,0.363,0.293,3.5,15.5,9.5,8.9,1.9,1.3,13.3,18.1,-3.3,0.3,-3,SG
Royce O'Neale,PHX,32,75,24.5,9.1,4.7,2.2,0.9,0.4,0.9,0.423,0.406,0.731,-2.1,78,226,Undrafted,Undrafted,Undrafted,0.585,0.774,0.046,3.3,17.5,10.6,12.3,1.8,1.7,10.1,15.5,0.2,-0.1,0.1,SG
Rudy Gobert,MIN,33,72,33.2,12,10.9,1.8,0.8,1.4,1.2,0.669,0,0.674,4.5,85,258,2013,1,27,0.687,0,0.535,12.5,23.8,18.2,7.5,1.2,4.1,12.4,13,0.6,1.3,1.9,SF
Rui Hachimura,LAL,27,59,31.7,13.1,5,1.4,0.8,0.4,0.8,0.509,0.413,0.77,2.7,80,230,2019,1,9,0.619,0.429,0.196,4.9,12.6,8.9,6.4,1.2,1.3,7.3,15.8,-0.1,-0.6,-0.7,SG
Russell Westbrook,DEN,36,75,27.9,13.3,4.9,6.1,1.4,0.5,3.2,0.449,0.323,0.661,-0.3,76,200,2008,1,4,0.532,0.35,0.28,5.6,13.4,9.7,28.8,2.4,1.6,20.6,23.8,-0.9,-0.2,-1.1,PG
Ryan Dunn,PHX,22,74,19.1,6.9,3.6,0.8,0.6,0.5,0.5,0.43,0.311,0.487,-2.3,80,216,2024,1,28,0.517,0.553,0.082,7.5,13.5,10.6,5.7,1.5,2.7,7.5,16.7,-2.9,-1.2,-4.1,PG
Ryan Rollins,MIL,22,56,14.6,6.2,1.9,1.9,0.8,0.3,0.9,0.487,0.408,0.8,1.5,75,180,2022,2,44,0.6,0.443,0.166,2.9,11.1,7.2,17.8,2.5,1.9,15.4,18.4,-1.4,0.9,-0.5,SF
Sam Hauser,BOS,27,71,21.7,8.5,3.2,0.9,0.6,0.2,0.3,0.451,0.416,1,4.6,79,217,Undrafted,Undrafted,Undrafted,0.632,0.842,0.023,3.1,12.7,7.9,5.8,1.3,0.8,4.6,14.3,0.9,-0.1,0.8,C
Sam Merrill,CLE,29,71,19.7,7.2,2.2,1.5,0.7,0.2,0.5,0.406,0.372,0.966,4.5,76,205,2020,2,60,0.583,0.868,0.068,3,8.9,6.1,9.6,1.8,0.9,7.4,14.3,-0.4,0.7,0.3,PG
Sandro Mamukelashvili,SAS,26,61,11.2,6.3,3.1,0.8,0.4,0.3,0.4,0.502,0.373,0.741,-0.5,81,240,2021,2,54,0.628,0.573,0.206,9.7,19.7,14.7,10.7,1.6,2.3,7.8,20.8,3.3,-1,2.3,PF
Santi Aldama,MEM,24,65,25.5,12.5,6.4,2.9,0.8,0.4,1.1,0.483,0.368,0.691,2.3,84,215,2021,1,30,0.588,0.503,0.145,6.1,20.3,13.3,15.2,1.5,1.6,9.3,18.5,2.5,0.7,3.2,PF
Scoot Henderson,POR,21,66,26.7,12.7,3,5.1,1,0.2,2.7,0.419,0.354,0.767,-0.6,75,206,2023,1,3,0.54,0.434,0.301,3.1,9.2,6.1,28.1,1.9,0.7,18.6,22.5,-1.4,-0.8,-2.2,SG
Scottie Barnes,TOR,23,65,32.8,19.3,7.7,5.8,1.4,1,2.8,0.446,0.271,0.755,-2,79,237,2021,1,4,0.523,0.263,0.284,5.3,20.2,12.6,27.7,2.1,2.8,13.4,27,1.5,0.9,2.4,C
Scotty Pippen Jr.,MEM,24,79,21.3,9.9,3.3,4.4,1.3,0.4,1.7,0.48,0.397,0.713,0.6,73,170,Undrafted,Undrafted,Undrafted,0.582,0.369,0.288,4.1,12.1,8.1,27.1,2.8,1.6,17.1,19.3,0,1.8,1.9,SF
Seth Curry,CHA,34,68,15.6,6.5,1.7,0.9,0.4,0.1,0.5,0.478,0.456,0.846,-2.5,73,185,Undrafted,Undrafted,Undrafted,0.616,0.531,0.114,2.4,9.1,5.7,8.8,1.3,0.6,8.2,15.7,-0.8,-0.9,-1.7,SG
Shaedon Sharpe,POR,22,72,31.3,18.5,4.5,2.8,0.9,0.2,2.1,0.452,0.311,0.785,-1.9,77,208,2022,1,7,0.551,0.428,0.219,3.2,12.7,7.8,14.2,1.3,0.6,11,25.1,0,-1.3,-1.3,SF
Shai Gilgeous-Alexander,OKC,26,76,34.2,32.7,5,6.4,1.7,1,2.4,0.519,0.375,0.898,12.1,78,195,2018,1,11,0.637,0.263,0.404,2.8,12.6,7.8,31.3,2.4,3,8.6,34.8,8.9,2.6,11.5,SG
Shake Milton,LAL,28,57,14.7,5.5,1.8,1.8,0.4,0.1,0.7,0.453,0.358,0.797,-2.1,77,205,2018,2,54,0.563,0.417,0.232,4.2,9.9,7,18.3,1.5,0.5,12.5,16.7,-1.7,-0.5,-2.2,SF
Sidy Cissoko,POR,21,22,5.2,1.5,1,0.7,0.1,0,0.5,0.433,0.231,0.333,0.4,78,200,2023,2,44,0.471,0.433,0.3,7.4,12.4,9.9,17.7,0.9,0.8,24.5,16.6,-4.8,-0.3,-5.1,PF
Simone Fontecchio,DET,29,75,16.5,5.9,2.9,0.9,0.4,0.2,0.7,0.402,0.335,0.833,0.2,79,209,Undrafted,Undrafted,Undrafted,0.544,0.609,0.225,4.7,14.5,9.6,6.9,1.2,0.9,11.6,15.8,-2.2,-0.7,-2.9,SF
Spencer Dinwiddie,DAL,32,79,27,11,2.6,4.4,0.9,0.2,1.3,0.416,0.334,0.802,-2.8,77,215,2014,2,38,0.553,0.478,0.356,0.9,9.5,5.3,22.1,1.6,0.7,11.4,17.9,-0.9,-0.7,-1.6,C
Spencer Jones,DEN,24,20,6.2,1.3,0.9,0.3,0.3,0.3,0.3,0.324,0.059,1,-2.3,79,225,Undrafted,Undrafted,Undrafted,0.368,0.5,0.088,7.4,7.5,7.5,4.7,1.9,3.6,12.4,13.7,-7.7,-0.8,-8.5,SF
Stanley Umude,MIL,26,22,3.9,0.7,0.8,0.2,0.1,0.3,0.1,0.192,0.2,0.5,-0.7,78,210,Undrafted,Undrafted,Undrafted,0.27,0.577,0.154,5.3,15.8,10.7,5.7,1.7,6.5,9.8,15.7,-7.5,-0.7,-8.1,SF
Stephen Curry,GSW,37,70,32.2,24.5,4.4,6,1.1,0.4,2.9,0.448,0.397,0.933,4.3,74,185,2009,1,7,0.618,0.623,0.238,1.9,13.3,7.4,31.3,1.7,1.3,12.6,29.8,6.4,0,6.3,PG
Stephon Castle,SAS,20,81,26.7,14.7,3.7,4.1,0.9,0.3,2.2,0.428,0.285,0.724,-3,78,215,2024,1,4,0.522,0.337,0.348,4.4,10.3,7.4,22.8,1.7,0.9,13.4,26,-1.5,-1.7,-3.2,PF
Steven Adams,HOU,31,58,13.7,3.9,5.6,1.1,0.4,0.5,0.9,0.545,0,0.462,3,83,265,2013,1,12,0.541,0.012,0.557,21.8,22,21.9,10.9,1.3,3.2,20.6,13.6,0,0.3,0.3,SG
Svi Mykhailiuk,UTA,28,38,20,8.8,2.4,2,0.5,0.2,1.4,0.391,0.345,0.8,-2.8,79,205,2018,2,47,0.526,0.672,0.116,3.1,9.6,6.4,14.7,1.2,0.9,14.1,20.3,-1.4,-2.1,-3.5,PF
T.J. McConnell,IND,33,79,17.9,9.1,2.4,4.4,1.1,0.3,1.4,0.519,0.306,0.74,-0.7,73,190,2015,0,,0.547,0.079,0.123,3.5,11.6,7.6,37,2.8,1.3,14.2,23.4,0.6,0.6,1.2,C
Taj Gibson,CHA,40,37,11.1,2.9,3.2,0.6,0.2,0.5,0.7,0.495,0.5,0.6,-3.4,81,232,2009,1,26,0.515,0.021,0.211,13,18.4,15.6,7.5,1.1,4.3,19.4,13.4,-5.2,-0.1,-5.3,C
Talen Horton-Tucker,CHI,24,58,12.5,6.5,1.7,1.4,0.4,0.2,0.7,0.457,0.336,0.735,0.3,76,234,2019,2,46,0.567,0.419,0.337,2.8,11.5,7.2,16.1,1.4,1.3,10.7,21.6,-1.4,-1.1,-2.4,PG
Tari Eason,HOU,24,57,24.9,12,6.4,1.5,1.7,0.9,1.1,0.487,0.342,0.76,2.5,80,215,2022,1,17,0.567,0.329,0.186,9.4,17.9,13.6,8.5,3.3,3.2,9.7,19.4,1,2.6,3.6,C
Taurean Prince,MIL,31,80,27.1,8.2,3.6,1.9,1,0.2,1,0.457,0.439,0.813,-0.3,78,218,2016,1,12,0.613,0.652,0.093,1.8,12.2,7.2,9.4,1.7,0.6,13.3,12.5,-2,0.3,-1.7,C
Terance Mann,ATL,28,67,21.1,7.7,3,1.8,0.7,0.2,0.7,0.496,0.368,0.691,-1.4,77,215,2019,2,48,0.584,0.395,0.165,5.3,10.4,7.8,11.7,1.6,1,9.6,14.7,-1.4,0,-1.3,SG
Terrence Shannon Jr.,MIN,24,32,10.6,4.3,1.5,1,0.2,0.2,0.5,0.482,0.355,0.81,0.3,78,215,2024,1,27,0.56,0.272,0.184,3.3,11.9,7.7,13.8,1,1.4,10.9,17.7,-2.1,0,-2.1,PF
Terry Rozier,MIA,31,64,25.9,10.6,3.7,2.6,0.6,0.2,1.2,0.391,0.295,0.852,-2.2,73,190,2015,1,16,0.497,0.485,0.17,3,12.8,7.9,14.8,1.1,0.8,10.3,20.4,-2.6,-1,-3.7,C
Thomas Bryant,IND,27,66,14.6,6.5,3.8,0.8,0.4,0.6,0.5,0.508,0.324,0.859,-0.6,82,248,2017,2,42,0.614,0.461,0.199,9.7,19.2,14.5,7.6,1.4,3.9,7.9,17.1,0.7,0,0.6,C
Tidjane Salaun,CHA,19,60,20.7,5.9,4.7,1.2,0.5,0.2,1,0.33,0.283,0.713,-5.4,80,207,2024,1,6,0.457,0.594,0.272,5.9,18.4,12,8.5,1.1,1.1,13.1,15.2,-4.3,-0.8,-5.2,PF
Tim Hardaway Jr.,DET,33,77,28,11,2.4,1.6,0.5,0.1,0.6,0.406,0.368,0.855,0.3,77,205,2013,1,24,0.567,0.672,0.213,0.9,8.4,4.7,7.6,0.8,0.3,6.1,15.5,-1.1,-0.9,-2.1,SF
Tobias Harris,DET,32,73,31.6,13.7,5.9,2.2,1,0.8,1.2,0.477,0.345,0.861,2.6,80,226,2011,1,19,0.571,0.328,0.206,3.1,17.5,10.4,9.8,1.5,2.4,8.8,17.6,-0.5,0.6,0.1,SG
Torrey Craig,BOS,34,26,12.1,4.2,2.8,0.7,0.3,0.5,0.3,0.422,0.364,0.667,-1.9,77,221,Undrafted,Undrafted,Undrafted,0.567,0.733,0.133,9.3,15.6,12.5,7.2,1.3,3.5,7.7,14.1,-1,0.1,-0.9,C
Tosan Evbuomwan,BKN,24,28,23.7,9.5,4.3,2,0.9,0.4,1.4,0.427,0.312,0.753,-2.4,79,217,Undrafted,Undrafted,Undrafted,0.53,0.35,0.332,5.2,15.8,10.2,12.9,1.8,1.5,13.4,19.1,-3,-0.3,-3.2,C
Toumani Camara,POR,25,78,32.7,11.3,5.8,2.2,1.5,0.6,1.4,0.458,0.375,0.722,-1.5,79,229,2023,2,52,0.572,0.503,0.176,7.2,12.1,9.6,9.6,2.2,1.8,12.4,14.4,-0.9,0.8,-0.1,C
Trae Young,ATL,26,76,36,24.2,3.1,11.6,1.2,0.2,4.7,0.411,0.34,0.875,0.4,73,164,2018,1,5,0.567,0.467,0.408,1.4,8.2,4.7,46.4,1.6,0.4,17.9,29.6,3.3,-2.7,0.5,C
Trayce Jackson-Davis,GSW,25,62,15.6,6.6,5,1.7,0.4,0.6,0.7,0.576,0,0.578,-1,81,245,2023,2,57,0.587,0.01,0.338,13.2,21.7,17.3,16.1,1.2,3.7,11.5,17.1,0.3,0.9,1.2,C
Tre Jones,CHI,25,46,19.7,7.2,2.5,4.2,0.8,0.2,0.8,0.538,0.396,0.821,-0.7,73,185,2020,2,41,0.617,0.202,0.282,3.7,9.9,6.8,28.6,1.9,1,11.6,14.1,0.5,1,1.5,SG
Trendon Watford,BKN,24,44,20.7,10.2,3.6,2.6,0.6,0.3,1.9,0.469,0.33,0.762,-1.5,80,237,Undrafted,Undrafted,Undrafted,0.557,0.251,0.349,4.4,16,9.9,21,1.5,1.3,17.1,23.3,-2.3,-0.8,-3.1,SG
Trevelin Queen,ORL,28,31,13.9,4.9,1.7,1.2,1,0.3,0.7,0.381,0.286,0.857,-2.8,77,190,Undrafted,Undrafted,Undrafted,0.486,0.524,0.143,6.6,7.9,7.2,13.3,3.6,2.2,12.3,18.1,-2.6,2.3,-0.3,PF
Trey Alexander,DEN,22,24,4.9,1.3,0.5,0.5,0.1,0,0.2,0.317,0.176,0.75,-1,76,185,Undrafted,Undrafted,Undrafted,0.374,0.415,0.098,1,9.8,5.6,11.4,0.8,0.8,10.5,17.3,-7.9,-1.8,-9.7,C
Trey Jemison,LAL,25,38,10.3,2.5,2.8,0.4,0.2,0.4,0.6,0.554,0,0.394,-0.5,83,270,Undrafted,Undrafted,Undrafted,0.537,0,0.446,12.4,17.1,14.8,5.5,1.1,3.6,21.3,12.4,-6.3,-0.5,-6.8,PF
Trey Lyles,SAC,29,69,19.6,6.5,4.6,1.2,0.6,0.3,0.6,0.42,0.34,0.7,-1,81,234,2015,1,12,0.551,0.636,0.214,6.6,19.6,13.1,7.9,1.5,1.7,8.7,14.3,-0.4,-0.3,-0.7,C
Trey Murphy III,NOP,25,53,35,21.2,5.1,3.5,1.1,0.7,1.9,0.454,0.361,0.887,-7.2,80,206,2021,1,17,0.598,0.522,0.274,2.7,13.2,7.8,15.9,1.5,2,9.9,23.7,2.1,-1.4,0.8,PF
Tristan da Silva,ORL,24,74,22,7.2,3.3,1.5,0.4,0.2,0.8,0.412,0.335,0.873,-1.7,80,217,2024,1,18,0.522,0.495,0.13,4.9,12.7,8.6,10.3,1,1.1,9.9,15.2,-2.3,-0.3,-2.6,SG
Tristan Thompson,CLE,34,40,8.2,1.7,3.4,0.6,0.1,0.3,0.4,0.437,0,0.233,-2.1,81,254,2011,1,4,0.41,0.042,0.423,10.9,32.7,22.1,8.8,0.3,3,14.3,12.7,-4.9,0.3,-4.6,PF
Tristan Vukcevic,WAS,22,35,14.6,9.4,3.7,1.1,0.3,0.7,1.2,0.496,0.373,0.776,-3.6,84,220,2023,2,42,0.608,0.421,0.277,5.2,21.2,13.2,13,1,4,13.4,25.7,0.4,-0.9,-0.5,SG
Ty Jerome,CLE,27,70,19.9,12.5,2.5,3.4,1.1,0,1.3,0.516,0.439,0.872,4.3,77,195,2019,1,24,0.643,0.409,0.239,4,9.3,6.7,24.5,2.7,0.2,11.9,23.6,3.5,0.8,4.3,PF
Tyler Herro,MIA,25,77,35.4,23.9,5.2,5.5,0.9,0.2,2.6,0.472,0.375,0.878,1.3,77,195,2019,1,13,0.605,0.486,0.237,1.4,14.6,8.1,26.2,1.3,0.6,11.5,28,3.8,-0.7,3.1,PF
Tyler Kolek,NYK,24,41,7.2,2,0.7,1.7,0.3,0.1,0.4,0.329,0.298,0.765,0,75,195,2024,2,34,0.453,0.573,0.207,3.1,7.3,5.2,29.5,2,1.3,16.7,15.8,-2.6,-0.3,-2.8,C
Tyler Smith,MIL,20,23,5.3,2.9,1.1,0.2,0.1,0.2,0.3,0.48,0.433,0.75,0.3,81,224,2024,2,33,0.626,0.6,0.16,5.6,16.3,11.1,4.9,1.2,3.1,13,22.1,0.4,-1.2,-0.9,C
Tyrese Haliburton,IND,25,73,33.6,18.6,3.5,9.2,1.4,0.7,1.6,0.473,0.388,0.851,3,77,185,2020,1,12,0.616,0.559,0.221,1.9,9.7,5.9,38.9,2.1,1.8,9.8,21.6,5.7,0.2,5.8,C
Tyrese Martin,BKN,26,60,21.9,8.7,3.7,2,0.6,0.2,1.2,0.406,0.351,0.793,-4.3,78,215,2022,2,51,0.533,0.606,0.125,4.8,14.6,9.5,14.6,1.3,0.7,13.1,18.8,-1.4,-1.2,-2.6,SF
Tyrese Maxey,PHI,24,52,37.7,26.3,3.3,6.1,1.8,0.4,2.4,0.437,0.337,0.879,-2.4,74,200,2020,1,21,0.562,0.438,0.265,0.8,9.6,5,28,2.3,1.1,9.2,29.8,3.2,-1.1,2,PF
Tyus Jones,PHX,29,81,26.8,10.2,2.4,5.3,0.9,0.1,1.1,0.448,0.414,0.895,-1.1,73,196,2015,1,24,0.585,0.587,0.083,2.1,7.8,5,27.7,1.6,0.3,11.4,16.2,1.4,-1.3,0.1,C
Vasilije Micic,PHX,31,41,19.1,6.6,2.2,3.1,0.4,0,1.9,0.348,0.36,0.829,-3,75,188,2014,2,52,0.462,0.458,0.15,2.7,9.6,6,24.3,0.9,0,20.9,19.9,-4.6,-2.4,-7,SF
Victor Wembanyama,SAS,21,46,33.2,24.3,11,3.7,1.1,3.8,3.2,0.476,0.352,0.836,2.2,87,235,2023,1,1,0.594,0.47,0.221,5.7,29.8,17.7,18.3,1.6,10.4,13.7,30.4,3.6,2.9,6.5,PF
Vince Williams Jr.,MEM,24,27,18.5,6.6,3.6,2,0.4,0.3,1.2,0.401,0.274,0.792,0.2,76,205,2022,2,47,0.504,0.569,0.144,4.7,15.9,10.4,13.8,1.1,1.3,15.7,17,-2.5,-0.3,-2.8,SG
Vit Krejci,ATL,25,57,20.2,7.2,2.7,2.6,0.6,0.5,0.9,0.497,0.437,0.711,-1.2,80,195,2020,2,37,0.661,0.705,0.154,2,13.1,7.4,16.5,1.5,2.1,13.8,12.9,0,0.7,0.7,PF
Walker Kessler,UTA,23,58,30,11.1,12.2,1.7,0.6,2.4,1.5,0.663,0.176,0.52,-5.7,84,245,2022,1,22,0.66,0.081,0.363,16.6,27.1,21.9,8.3,1,7.4,15,13.7,1.1,0.7,1.8,PF
Wendell Carter Jr.,ORL,26,68,25.9,9.1,7.2,2,0.8,0.6,1.1,0.46,0.234,0.737,-0.2,82,270,2018,1,7,0.544,0.322,0.356,9.4,23.4,16,11.5,1.5,2.2,11.9,16,-2.2,0.9,-1.2,SG
Wendell Moore Jr.,CHA,23,36,13.9,4.2,2.6,1.2,0.6,0.1,0.8,0.468,0.341,0.818,-3.7,77,215,2022,1,26,0.553,0.325,0.175,6.4,14.3,10.3,11.6,1.9,1,16.6,13.8,-2.6,-0.1,-2.7,PG
Xavier Tillman,BOS,26,33,7,1,1.3,0.2,0.3,0.2,0.4,0.245,0.156,0.75,-0.4,79,245,2020,2,35,0.31,0.604,0.075,4.7,15.5,10.1,3.8,2.4,2,20.4,13.1,-8.4,0.3,-8.1,SF
Yuki Kawamura,MEM,24,22,4.2,1.6,0.5,0.9,0.1,0,0.2,0.367,0.304,0.778,1.2,68,159,Undrafted,Undrafted,Undrafted,0.53,0.767,0.3,0,13.5,6.8,25.1,1,0,12.8,16.9,-2.6,-0.2,-2.8,PF
Yves Missi,NOP,21,73,26.8,9.1,8.2,1.4,0.5,1.3,1.1,0.547,0,0.623,-7,83,235,2024,1,21,0.572,0.002,0.415,13.7,19.7,16.6,7.2,0.9,4.8,12.4,14.3,-1.6,-1.4,-3,PG
Zaccharie Risacher,ATL,20,75,24.6,12.6,3.6,1.2,0.7,0.5,1.2,0.458,0.355,0.711,-1.6,80,200,2024,1,1,0.558,0.442,0.191,5,11.1,8,7.1,1.3,1.8,9.8,20.9,-1.7,-1.8,-3.5,PF
Zach Collins,CHI,27,64,15.3,6.4,4.5,1.7,0.5,0.5,0.9,0.507,0.302,0.885,-0.5,83,250,2017,1,10,0.605,0.351,0.258,11.1,19.9,15.6,15.6,1.4,2.6,15.1,17.1,-0.8,0.8,0,C
Zach Edey,MEM,23,66,21.5,9.2,8.3,1,0.5,1.3,1.3,0.58,0.346,0.709,2.5,88,305,2024,1,9,0.624,0.12,0.293,17.5,23.4,20.5,6.1,1.2,5.5,15.3,16.4,-0.2,0.1,-0.1,PG
Zach LaVine,SAC,30,74,35.2,23.3,4.3,4.2,0.8,0.2,2.8,0.511,0.446,0.825,-0.9,77,200,2014,1,13,0.639,0.438,0.233,0.9,12,6.5,18.3,1.1,0.4,13.4,25.3,2.3,-1.6,0.7,SG
Zeke Nnaji,DEN,24,57,10.7,3.2,1.6,0.4,0.4,0.7,0.2,0.496,0.327,0.614,-0.4,81,240,2020,1,22,0.574,0.369,0.312,6.3,9.8,8.1,4.6,2,5.6,8,12.2,-2.1,0.7,-1.3,C
Ziaire Williams,BKN,23,63,24.5,10,4.6,1.3,1,0.4,1.1,0.412,0.341,0.821,-5.2,81,185,2021,1,10,0.55,0.581,0.237,4.3,17.5,10.6,8.5,2,1.8,10.5,18.2,-2.2,-0.1,-2.3,SF
Zion Williamson,NOP,24,30,28.6,24.6,7.2,5.3,1.2,0.9,3,0.567,0.231,0.656,-1.4,78,284,2019,1,1,0.6,0.026,0.474,9.3,18.2,13.6,36.6,2.1,3,12.8,34.7,5.9,1,7,PF
