PLAYER_NAME,TEAM_ABBREVIATION,AGE,GP,MIN,PTS,REB,AST,STL,BLK,TOV,FG_PCT,FG3_PCT,FT_PCT,PLUS_MINUS,PLAYER_HEIGHT_INCHES,PLAYER_WEIGHT,DRAFT_YEAR,DRAFT_ROUND,DRAFT_NUMBER
A.J. Lawson,TOR,24.0,26,18.7,9.1,3.3,1.2,0.5,0.2,0.6,0.421,0.327,0.683,-0.7,78,179,Undrafted,Undrafted,Undrafted
AJ Green,MIL,25.0,73,22.7,7.4,2.4,1.5,0.5,0.1,0.5,0.429,0.427,0.815,3.1,76,190,Undrafted,Undrafted,Undrafted
AJ Johnson,WAS,20.0,29,22.0,7.6,2.0,2.6,0.4,0.1,1.2,0.385,0.267,0.865,-5.2,77,160,2024,1,23
Aaron Gordon,DEN,29.0,51,28.4,14.7,4.8,3.2,0.5,0.3,1.4,0.531,0.436,0.81,5.9,80,235,2014,1,4
Aaron Holiday,HOU,28.0,62,12.8,5.5,1.3,1.3,0.3,0.2,0.6,0.437,0.398,0.829,1.4,72,185,2018,1,23
Aaron Nesmith,IND,25.0,45,24.9,12.0,4.0,1.2,0.8,0.4,0.8,0.507,0.431,0.913,4.4,78,215,2020,1,14
Aaron Wiggins,OKC,26.0,76,22.9,12.0,3.9,1.8,0.8,0.2,0.9,0.488,0.383,0.831,6.8,77,190,2021,2,55
Adam Flagler,OKC,25.0,37,5.5,1.8,0.7,0.3,0.2,0.1,0.1,0.26,0.194,0.5,0.2,75,180,Undrafted,Undrafted,Undrafted
Adem Bona,PHI,22.0,58,15.6,5.8,4.2,0.5,0.4,1.2,1.1,0.703,0.0,0.67,-1.9,82,235,2024,2,41
Ajay Mitchell,OKC,23.0,36,16.6,6.5,1.9,1.8,0.7,0.1,0.8,0.495,0.383,0.829,3.5,77,190,2024,2,38
Al Horford,BOS,39.0,60,27.6,9.0,6.2,2.1,0.6,0.9,0.8,0.423,0.363,0.895,6.6,81,240,2007,1,3
Alec Burks,MIA,33.0,49,17.6,7.3,2.5,1.1,0.6,0.1,0.6,0.424,0.425,0.776,2.2,77,214,2011,1,12
Alex Caruso,OKC,31.0,54,19.3,7.1,2.9,2.5,1.6,0.6,0.7,0.446,0.353,0.824,5.9,77,186,Undrafted,Undrafted,Undrafted
Alex Ducas,OKC,24.0,21,6.0,1.7,1.2,0.2,0.2,0.0,0.2,0.4,0.476,1.0,-1.0,79,220,Undrafted,Undrafted,Undrafted
Alex Len,LAL,32.0,46,8.3,1.6,2.1,0.8,0.2,0.5,0.4,0.508,0.222,0.471,-3.3,84,250,2013,1,5
Alex Sarr,WAS,20.0,67,27.1,13.0,6.5,2.4,0.7,1.5,1.7,0.394,0.308,0.679,-8.1,84,205,2024,1,2
Alperen Sengun,HOU,22.0,76,31.5,19.1,10.3,4.9,1.1,0.8,2.6,0.496,0.233,0.692,5.4,83,243,2021,1,16
Amen Thompson,HOU,22.0,69,32.3,14.1,8.2,3.8,1.4,1.3,2.0,0.557,0.275,0.684,3.9,79,200,2023,1,4
Amir Coffey,LAC,28.0,72,24.3,9.7,2.2,1.1,0.6,0.1,0.6,0.471,0.409,0.891,-0.9,79,210,Undrafted,Undrafted,Undrafted
Andre Drummond,PHI,31.0,40,18.8,7.3,7.8,0.9,1.0,0.5,1.4,0.5,0.15,0.622,-6.1,83,279,2012,1,9
Andre Jackson Jr.,MIL,23.0,67,14.6,3.4,2.7,1.2,0.5,0.2,0.9,0.477,0.395,0.5,-0.5,78,209,2023,2,36
Andrew Nembhard,IND,25.0,65,28.9,10.0,3.3,5.0,1.2,0.2,1.7,0.458,0.291,0.794,3.1,76,191,2022,2,31
Andrew Wiggins,MIA,30.0,60,30.7,18.0,4.5,2.6,1.0,0.8,1.7,0.448,0.374,0.763,-1.7,79,197,2014,1,1
Anfernee Simons,POR,26.0,70,32.7,19.3,2.7,4.8,0.9,0.1,2.0,0.426,0.363,0.902,-3.1,75,200,2018,1,24
Anthony Black,ORL,21.0,78,24.2,9.4,2.9,3.1,1.1,0.6,1.8,0.423,0.318,0.761,-0.5,79,200,2023,1,6
Anthony Davis,DAL,32.0,51,33.4,24.7,11.6,3.5,1.2,2.2,2.2,0.516,0.282,0.775,0.5,82,253,2012,1,1
Anthony Edwards,MIN,23.0,79,36.3,27.6,5.7,4.5,1.2,0.6,3.2,0.447,0.395,0.837,3.7,76,225,2020,1,1
Anthony Gill,WAS,32.0,51,7.8,2.5,1.3,0.3,0.2,0.0,0.2,0.489,0.323,0.66,-1.4,80,230,Undrafted,Undrafted,Undrafted
Antonio Reeves,NOP,24.0,44,15.0,6.9,1.4,0.9,0.5,0.1,0.7,0.456,0.395,0.8,-3.4,77,205,2024,2,47
Ariel Hukporti,NYK,23.0,25,8.7,1.9,2.0,0.4,0.0,0.6,0.8,0.677,0.0,0.462,-2.5,83,246,2024,2,58
Ausar Thompson,DET,22.0,59,22.5,10.1,5.1,2.3,1.7,0.7,1.4,0.535,0.224,0.641,1.1,78,205,2023,1,5
Austin Reaves,LAL,27.0,73,34.9,20.2,4.5,5.8,1.1,0.3,2.4,0.46,0.377,0.877,2.7,77,197,Undrafted,Undrafted,Undrafted
Ayo Dosunmu,CHI,25.0,46,30.3,12.3,3.5,4.5,0.9,0.4,1.5,0.492,0.328,0.785,-5.1,77,200,2021,2,38
Bam Adebayo,MIA,27.0,78,34.3,18.1,9.6,4.3,1.3,0.7,2.1,0.485,0.357,0.765,0.3,81,255,2017,1,14
Baylor Scheierman,BOS,24.0,31,12.4,3.6,2.1,1.1,0.5,0.1,0.4,0.355,0.317,0.75,0.9,78,205,2024,1,30
Ben Sheppard,IND,23.0,63,19.5,5.3,2.8,1.3,0.6,0.2,0.3,0.418,0.342,0.889,-0.9,78,190,2023,1,26
Ben Simmons,LAC,28.0,51,22.0,5.0,4.7,5.6,0.7,0.5,2.0,0.52,0.0,0.727,-1.1,82,240,2016,1,1
Bennedict Mathurin,IND,23.0,72,29.9,16.1,5.3,1.9,0.7,0.3,1.9,0.458,0.34,0.831,1.3,77,210,2022,1,6
Bilal Coulibaly,WAS,20.0,59,33.0,12.3,5.0,3.4,1.3,0.7,2.1,0.421,0.281,0.746,-9.9,80,195,2023,1,7
Bismack Biyombo,SAS,32.0,28,18.8,5.1,5.6,1.1,0.6,0.8,1.0,0.588,0.0,0.4,-3.6,80,255,2011,1,7
Blake Wesley,SAS,22.0,58,11.8,3.7,1.1,2.0,0.6,0.1,0.9,0.435,0.293,0.623,-0.2,75,185,2022,1,25
Bobby Portis,MIL,30.0,49,25.4,13.9,8.4,2.1,0.7,0.5,1.2,0.466,0.365,0.836,1.9,82,250,2015,1,22
Bogdan Bogdanović,LAC,32.0,54,25.0,10.8,2.9,2.7,0.8,0.2,1.4,0.427,0.363,0.879,2.0,77,225,2014,1,27
Bol Bol,PHX,25.0,36,12.5,6.8,2.9,0.6,0.3,0.7,0.6,0.525,0.344,0.769,-1.0,87,220,2019,2,44
Bones Hyland,MIN,24.0,24,9.9,6.2,1.0,1.3,0.8,0.2,1.0,0.398,0.39,0.885,-1.3,74,169,2021,1,26
Bradley Beal,PHX,32.0,53,32.1,17.0,3.3,3.7,1.1,0.5,1.9,0.497,0.386,0.803,-5.2,76,207,2012,1,3
Branden Carlson,OKC,26.0,32,7.7,3.8,1.7,0.4,0.2,0.7,0.2,0.443,0.333,0.778,1.3,84,220,Undrafted,Undrafted,Undrafted
Brandin Podziemski,GSW,22.0,64,26.8,11.7,5.1,3.4,1.1,0.2,1.2,0.445,0.372,0.758,4.1,76,205,2023,1,19
Brandon Boston,NOP,23.0,42,23.6,10.7,3.2,2.2,1.3,0.2,1.2,0.436,0.35,0.788,-3.3,78,188,2021,2,51
Brandon Clarke,MEM,28.0,64,18.9,8.3,5.1,1.0,0.8,0.6,0.6,0.621,0.059,0.701,2.8,80,215,2019,1,21
Brandon Miller,CHA,22.0,27,34.2,21.0,4.9,3.6,1.1,0.7,2.8,0.403,0.355,0.861,-4.6,79,200,2023,1,2
Brandon Williams,DAL,25.0,33,14.8,8.3,1.8,2.3,0.7,0.2,1.2,0.521,0.4,0.833,0.3,73,190,Undrafted,Undrafted,Undrafted
Brice Sensabaugh,UTA,21.0,71,20.2,10.9,3.0,1.5,0.6,0.1,1.5,0.459,0.422,0.89,-4.0,77,235,2023,1,28
Bronny James,LAL,20.0,27,6.7,2.3,0.7,0.8,0.3,0.1,0.5,0.313,0.281,0.786,-2.6,75,210,2024,2,55
Brook Lopez,MIL,37.0,80,31.8,13.0,5.0,1.8,0.6,1.9,1.1,0.509,0.373,0.826,1.7,85,282,2008,1,10
Bruce Brown,NOP,28.0,41,22.5,8.3,4.0,2.0,0.8,0.2,1.0,0.421,0.333,0.815,-5.5,76,202,2018,2,42
Bub Carrington,WAS,19.0,82,30.0,9.8,4.2,4.4,0.7,0.3,1.7,0.401,0.339,0.812,-9.7,76,190,2024,1,14
Buddy Hield,GSW,32.0,82,22.7,11.1,3.2,1.6,0.8,0.3,1.1,0.417,0.37,0.828,1.7,76,220,2016,1,6
CJ McCollum,NOP,33.0,56,32.7,21.1,3.8,4.1,0.8,0.4,1.9,0.444,0.373,0.717,-5.0,75,190,2013,1,10
Cade Cunningham,DET,23.0,70,35.0,26.1,6.1,9.1,1.0,0.8,4.4,0.469,0.356,0.846,2.5,78,220,2021,1,1
Caleb Houstan,ORL,22.0,58,13.6,4.1,1.3,0.6,0.4,0.1,0.2,0.421,0.4,0.882,-1.1,80,205,2022,2,32
Caleb Martin,DAL,29.0,45,27.1,7.9,3.9,2.1,1.0,0.5,1.2,0.424,0.359,0.622,-3.4,77,205,Undrafted,Undrafted,Undrafted
Cam Reddish,LAL,25.0,33,17.9,3.2,2.0,0.7,1.0,0.3,0.4,0.404,0.277,0.615,-2.8,79,217,2019,1,10
Cam Spencer,MEM,25.0,25,10.1,4.2,1.2,1.4,0.4,0.0,0.2,0.415,0.365,1.0,1.6,76,205,2024,2,53
Cam Thomas,BKN,23.0,25,31.2,24.0,3.3,3.8,0.6,0.1,2.5,0.438,0.349,0.881,-3.7,75,210,2021,1,27
Cam Whitmore,HOU,20.0,51,16.2,9.4,3.0,1.0,0.6,0.3,0.9,0.444,0.355,0.75,0.0,79,230,2023,1,20
Cameron Johnson,BKN,29.0,57,31.6,18.8,4.3,3.4,0.9,0.4,1.7,0.475,0.39,0.893,-3.5,80,210,2019,1,11
Cameron Payne,NYK,30.0,72,15.1,6.9,1.4,2.8,0.5,0.2,0.7,0.401,0.363,0.907,2.8,75,183,2015,1,14
Caris LeVert,ATL,30.0,64,24.9,12.1,3.2,3.4,0.9,0.5,1.2,0.467,0.373,0.71,4.0,78,205,2016,1,20
Cason Wallace,OKC,21.0,68,27.6,8.4,3.4,2.5,1.8,0.5,0.9,0.474,0.356,0.811,5.4,75,195,2023,1,10
Charles Bassey,SAS,24.0,36,10.4,4.4,4.2,0.5,0.4,0.8,0.6,0.581,0.0,0.636,-3.6,82,230,2021,2,53
Chet Holmgren,OKC,23.0,32,27.4,15.0,8.0,2.0,0.7,2.2,1.8,0.49,0.379,0.754,9.2,85,208,2022,1,2
Chris Boucher,TOR,32.0,50,17.2,10.0,4.5,0.7,0.5,0.5,0.6,0.492,0.363,0.782,0.1,81,200,Undrafted,Undrafted,Undrafted
Chris Livingston,MIL,21.0,21,5.0,1.4,1.7,0.2,0.2,0.0,0.3,0.333,0.0,0.75,-1.4,78,220,2023,2,58
Chris Paul,SAS,40.0,82,28.0,8.8,3.6,7.4,1.3,0.3,1.6,0.427,0.377,0.924,0.0,72,175,2005,1,4
Christian Braun,DEN,24.0,79,33.9,15.4,5.2,2.6,1.1,0.5,1.0,0.58,0.397,0.827,6.1,78,220,2022,1,21
Christian Koloko,LAL,25.0,37,9.2,2.4,2.5,0.4,0.2,0.4,0.3,0.606,0.0,0.714,-0.2,84,225,2022,2,33
Clint Capela,ATL,31.0,55,21.4,8.9,8.5,1.1,0.6,1.0,0.9,0.559,0.0,0.536,-1.4,82,256,2014,1,25
Coby White,CHI,25.0,74,33.1,20.4,3.7,4.5,0.9,0.2,2.4,0.453,0.37,0.902,-1.9,77,195,2019,1,7
Cody Martin,PHX,29.0,53,22.1,6.8,4.2,2.0,1.1,0.6,1.0,0.418,0.285,0.705,-2.0,78,205,2019,2,36
Cody Williams,UTA,20.0,50,21.2,4.6,2.3,1.2,0.5,0.3,0.9,0.323,0.259,0.725,-6.8,79,190,2024,1,10
Colby Jones,WAS,23.0,39,13.2,4.0,2.2,1.1,0.7,0.3,0.6,0.457,0.327,0.657,-2.9,78,207,2023,2,34
Cole Anthony,MEM,25.0,67,18.4,9.4,3.0,2.9,0.7,0.5,1.5,0.424,0.353,0.823,-0.2,74,185,2020,1,15
Colin Castleton,TOR,25.0,26,16.6,4.7,4.7,1.1,0.3,0.4,0.9,0.469,0.125,0.763,-1.2,82,250,Undrafted,Undrafted,Undrafted
Collin Gillespie,PHX,26.0,33,14.0,5.9,2.4,2.4,0.6,0.2,0.5,0.43,0.433,0.864,-0.9,73,195,Undrafted,Undrafted,Undrafted
Collin Sexton,UTA,26.0,63,27.9,18.4,2.7,4.2,0.7,0.1,2.5,0.48,0.406,0.865,-4.5,75,190,2018,1,8
Corey Kispert,WAS,26.0,61,26.3,11.6,3.0,1.7,0.4,0.2,1.0,0.451,0.364,0.852,-4.5,78,224,2021,1,15
Cory Joseph,ORL,33.0,50,12.2,3.5,1.5,1.4,0.5,0.1,0.4,0.403,0.364,0.778,0.7,74,200,2011,1,29
Craig Porter Jr.,CLE,25.0,51,10.1,3.7,1.3,1.4,0.3,0.3,0.7,0.514,0.438,0.719,-0.9,73,180,Undrafted,Undrafted,Undrafted
D'Angelo Russell,BKN,29.0,58,25.5,12.6,2.8,5.1,1.0,0.4,1.9,0.39,0.314,0.834,0.0,75,193,2015,1,2
DaQuan Jeffries,CHA,27.0,47,22.8,6.7,2.9,1.1,0.6,0.5,0.7,0.405,0.335,0.8,-5.9,77,222,Undrafted,Undrafted,Undrafted
Dalano Banton,POR,25.0,67,16.7,8.3,2.0,2.4,0.6,0.5,1.3,0.391,0.324,0.728,-0.8,80,203,2021,2,46
Dalen Terry,CHI,22.0,73,13.5,4.5,1.7,1.3,0.6,0.2,0.7,0.448,0.356,0.71,-2.4,79,195,2022,1,18
Dalton Knecht,LAL,24.0,78,19.2,9.1,2.8,0.8,0.3,0.1,0.5,0.461,0.376,0.762,-0.9,78,215,2024,1,17
Damian Lillard,MIL,34.0,58,36.1,24.9,4.7,7.1,1.2,0.2,2.8,0.448,0.376,0.921,0.9,74,195,2012,1,6
Damion Lee,PHX,32.0,25,5.8,3.3,0.8,0.4,0.2,0.0,0.4,0.365,0.243,0.952,1.0,78,210,Undrafted,Undrafted,Undrafted
Daniel Gafford,DAL,26.0,57,21.5,12.3,6.8,1.4,0.4,1.8,1.2,0.702,0.0,0.689,0.6,82,265,2019,2,38
Daniel Theis,NOP,33.0,38,16.3,4.3,4.3,1.6,0.5,0.5,0.7,0.473,0.243,0.838,-1.6,80,245,Undrafted,Undrafted,Undrafted
Dante Exum,DAL,29.0,20,18.6,8.7,1.7,2.8,0.6,0.2,1.1,0.478,0.434,0.742,-2.4,77,214,2014,1,5
Dariq Whitehead,BKN,20.0,20,12.3,5.7,1.5,0.6,0.3,0.1,0.8,0.406,0.446,0.6,-3.2,78,220,2023,1,22
Darius Garland,CLE,25.0,75,30.7,20.6,2.9,6.7,1.2,0.1,2.5,0.472,0.401,0.878,6.7,73,192,2019,1,5
David Roddy,HOU,24.0,33,12.4,4.6,2.5,1.1,0.4,0.3,0.7,0.456,0.311,0.769,-2.3,76,255,2022,1,23
Davion Mitchell,MIA,26.0,74,27.4,7.9,2.3,4.9,1.0,0.2,1.7,0.468,0.398,0.69,0.0,72,202,2021,1,9
Day'Ron Sharpe,BKN,23.0,50,18.1,7.9,6.6,1.8,0.8,0.8,1.3,0.521,0.244,0.757,1.3,81,265,2021,1,29
De'Aaron Fox,SAS,27.0,62,36.1,23.5,4.8,6.3,1.5,0.4,2.8,0.463,0.31,0.827,-1.1,75,185,2017,1,5
De'Andre Hunter,CLE,27.0,64,27.2,17.0,4.0,1.4,0.8,0.2,1.3,0.47,0.405,0.846,1.4,80,221,2019,1,4
DeAndre Jordan,DEN,36.0,56,12.3,3.7,5.1,0.9,0.3,0.5,0.7,0.65,0.0,0.422,-0.8,83,265,2008,2,35
DeMar DeRozan,SAC,35.0,77,35.9,22.2,3.9,4.4,0.8,0.4,1.4,0.477,0.328,0.857,1.4,78,220,2009,1,9
Dean Wade,CLE,28.0,59,21.2,5.4,4.2,1.3,0.7,0.3,0.4,0.413,0.36,0.533,4.8,81,228,Undrafted,Undrafted,Undrafted
Deandre Ayton,POR,26.0,40,30.1,14.4,10.2,1.6,0.8,1.0,1.7,0.566,0.188,0.667,-4.1,84,252,2018,1,1
Dejounte Murray,NOP,28.0,31,32.6,17.5,6.5,7.4,2.0,0.4,3.4,0.393,0.299,0.823,-6.7,76,180,2016,1,29
Delon Wright,NYK,33.0,40,15.9,3.1,1.7,1.9,0.9,0.3,0.6,0.344,0.274,0.6,0.0,77,185,2015,1,20
Deni Avdija,POR,24.0,72,30.0,16.9,7.3,3.9,1.0,0.5,2.7,0.476,0.365,0.78,-1.1,81,240,2020,1,9
Dennis Schröder,DET,31.0,75,28.1,13.1,2.6,5.4,0.9,0.2,1.9,0.406,0.342,0.838,-1.0,73,175,2013,1,17
Dereck Lively II,DAL,21.0,36,23.1,8.7,7.5,2.4,0.6,1.6,1.1,0.702,0.0,0.63,3.4,85,230,2023,1,12
Derrick Jones Jr.,LAC,28.0,77,24.3,10.1,3.4,0.8,1.0,0.4,0.9,0.526,0.356,0.703,3.2,78,210,Undrafted,Undrafted,Undrafted
Derrick White,BOS,30.0,76,33.9,16.4,4.5,4.8,0.9,1.1,1.7,0.442,0.384,0.839,7.1,76,190,2017,1,29
Desmond Bane,ORL,27.0,69,32.0,19.2,6.1,5.3,1.2,0.4,2.4,0.484,0.392,0.894,2.1,77,215,2020,1,30
Devin Booker,PHX,28.0,75,37.3,25.6,4.1,7.1,0.9,0.2,2.9,0.461,0.332,0.894,-2.4,78,206,2015,1,13
Devin Carter,SAC,23.0,36,11.0,3.8,2.1,1.1,0.6,0.1,0.5,0.37,0.295,0.591,1.2,74,195,2024,1,13
Devin Vassell,SAS,24.0,64,31.0,16.3,4.0,2.9,1.3,0.5,1.4,0.443,0.368,0.792,-4.1,77,200,2020,1,11
Dillon Brooks,HOU,29.0,75,31.8,14.0,3.7,1.7,0.8,0.2,1.0,0.429,0.397,0.818,2.8,78,225,2017,2,45
Dillon Jones,OKC,23.0,54,10.2,2.5,2.2,1.1,0.3,0.1,0.5,0.383,0.254,0.607,1.4,77,235,2024,1,26
Domantas Sabonis,SAC,29.0,70,34.7,19.1,13.9,6.0,0.7,0.4,2.9,0.59,0.417,0.754,2.1,82,240,2016,1,11
Dominick Barlow,ATL,22.0,35,10.7,4.2,2.4,0.5,0.3,0.5,0.1,0.531,0.259,0.636,-0.1,80,215,Undrafted,Undrafted,Undrafted
Donovan Clingan,POR,21.0,67,19.8,6.5,7.9,1.1,0.5,1.6,1.1,0.539,0.286,0.596,0.0,86,280,2024,1,7
Donovan Mitchell,CLE,28.0,71,31.4,24.0,4.5,5.0,1.3,0.2,2.1,0.443,0.368,0.823,7.4,75,215,2017,1,13
Donte DiVincenzo,MIN,28.0,62,25.9,11.7,3.7,3.6,1.2,0.3,1.6,0.422,0.397,0.778,2.8,76,203,2018,1,17
Dorian Finney-Smith,LAL,32.0,63,28.9,8.7,3.9,1.4,0.9,0.4,0.9,0.448,0.411,0.667,4.9,79,220,Undrafted,Undrafted,Undrafted
Doug McDermott,SAC,33.0,42,8.1,3.5,0.5,0.2,0.1,0.0,0.1,0.427,0.436,0.6,0.6,78,225,2014,1,11
Draymond Green,GSW,35.0,68,29.2,9.0,6.1,5.6,1.5,1.0,2.6,0.424,0.325,0.687,4.0,78,230,2012,2,35
Drew Eubanks,LAC,28.0,61,12.2,4.6,3.7,0.9,0.2,0.6,0.7,0.593,0.5,0.662,-2.1,82,245,Undrafted,Undrafted,Undrafted
Drew Peterson,BOS,25.0,25,7.4,2.2,1.6,0.5,0.2,0.1,0.3,0.415,0.394,0.778,1.8,81,205,Undrafted,Undrafted,Undrafted
Duncan Robinson,MIA,31.0,74,24.1,11.0,2.3,2.4,0.5,0.1,1.2,0.437,0.393,0.887,0.9,79,215,Undrafted,Undrafted,Undrafted
Duop Reath,POR,29.0,46,10.2,4.2,2.0,0.6,0.3,0.3,0.3,0.422,0.321,0.909,-1.2,81,245,Undrafted,Undrafted,Undrafted
Dwight Powell,DAL,33.0,55,10.0,2.1,2.1,1.0,0.3,0.4,0.3,0.689,0.4,0.651,-0.3,82,240,2014,2,45
Dyson Daniels,ATL,22.0,76,33.8,14.1,5.9,4.4,3.0,0.7,2.0,0.493,0.34,0.593,-0.9,79,199,2022,1,8
Elfrid Payton,NOP,31.0,24,21.3,3.5,3.3,6.9,1.0,0.5,2.5,0.328,0.167,0.571,-6.2,75,195,2014,1,10
Enrique Freeman,IND,24.0,22,8.2,2.1,1.4,0.4,0.1,0.1,0.3,0.432,0.1,0.684,-0.9,79,220,2024,2,50
Eric Gordon,PHI,36.0,39,19.7,6.8,1.2,1.7,0.7,0.3,0.7,0.426,0.409,0.75,-1.8,75,215,2008,1,7
Evan Mobley,CLE,24.0,71,30.5,18.5,9.3,3.2,0.9,1.6,2.0,0.557,0.37,0.725,7.7,83,215,2021,1,3
Franz Wagner,ORL,23.0,60,33.7,24.2,5.7,4.7,1.3,0.4,2.3,0.463,0.295,0.871,4.1,82,220,2021,1,8
Fred VanVleet,HOU,31.0,60,35.2,14.1,3.7,5.6,1.6,0.4,1.5,0.378,0.345,0.81,4.4,72,197,Undrafted,Undrafted,Undrafted
GG Jackson,MEM,20.0,29,15.8,7.2,3.2,1.0,0.4,0.2,1.1,0.372,0.337,0.725,-2.3,81,210,2023,2,45
Gabe Vincent,LAL,29.0,72,21.2,6.4,1.3,1.4,0.7,0.2,0.6,0.4,0.353,0.714,0.7,74,200,Undrafted,Undrafted,Undrafted
Garrett Temple,TOR,39.0,28,8.1,1.9,1.0,1.1,0.6,0.1,0.4,0.3,0.214,0.917,-1.0,77,195,Undrafted,Undrafted,Undrafted
Garrison Mathews,ATL,28.0,47,17.6,7.5,1.9,1.3,0.6,0.3,0.7,0.397,0.39,0.821,-1.3,78,215,Undrafted,Undrafted,Undrafted
Gary Harris,ORL,30.0,48,14.8,3.0,1.3,0.6,0.5,0.3,0.4,0.383,0.356,0.583,1.8,76,210,2014,1,19
Gary Payton II,GSW,32.0,62,15.0,6.5,3.0,1.3,0.8,0.3,0.6,0.574,0.326,0.711,0.7,74,195,Undrafted,Undrafted,Undrafted
Gary Trent Jr.,MIL,26.0,74,25.6,11.1,2.3,1.2,1.0,0.1,0.6,0.431,0.416,0.848,0.9,77,204,2018,2,37
Georges Niang,ATL,32.0,79,21.5,9.9,3.4,1.4,0.4,0.2,1.0,0.461,0.406,0.793,2.5,79,230,2016,2,50
Giannis Antetokounmpo,MIL,30.0,67,34.2,30.4,11.9,6.5,0.9,1.2,3.1,0.601,0.222,0.617,5.0,83,243,2013,1,15
Goga Bitadze,ORL,25.0,70,20.4,7.2,6.6,2.0,0.7,1.4,1.0,0.611,0.107,0.639,1.1,82,250,2019,1,18
Gradey Dick,TOR,21.0,54,29.4,14.4,3.6,1.8,0.9,0.2,1.5,0.41,0.35,0.858,-3.9,78,200,2023,1,13
Grayson Allen,PHX,29.0,64,24.1,10.6,3.0,2.1,0.8,0.3,1.2,0.448,0.426,0.816,-1.2,76,198,2018,1,21
Guerschon Yabusele,PHI,29.0,70,27.1,11.0,5.6,2.1,0.8,0.3,1.2,0.501,0.38,0.725,-1.7,80,265,2016,1,16
Gui Santos,GSW,23.0,56,13.6,4.1,3.1,1.4,0.4,0.2,0.8,0.458,0.33,0.69,2.9,78,185,2022,2,55
Harrison Barnes,SAS,33.0,82,27.2,12.3,3.8,1.7,0.5,0.2,0.6,0.508,0.433,0.809,-0.3,80,225,2012,1,7
Haywood Highsmith,MIA,28.0,74,24.6,6.5,3.4,1.5,0.9,0.5,0.7,0.458,0.382,0.721,0.8,77,220,2018,,
Herbert Jones,NOP,26.0,20,32.4,10.3,3.9,3.3,1.9,0.5,1.8,0.436,0.306,0.825,-1.0,79,206,2021,2,35
Hunter Tyson,DEN,25.0,51,7.8,2.6,1.5,0.4,0.2,0.1,0.3,0.375,0.311,0.75,-1.9,80,215,2023,2,37
Immanuel Quickley,TOR,26.0,33,27.8,17.1,3.5,5.8,0.7,0.1,1.8,0.42,0.378,0.867,-1.2,74,190,2020,1,25
Isaac Jones,SAC,24.0,40,7.6,3.4,1.4,0.3,0.1,0.3,0.4,0.651,0.375,0.639,-1.6,81,245,Undrafted,Undrafted,Undrafted
Isaac Okoro,CLE,24.0,55,19.1,6.1,2.4,1.2,0.6,0.3,0.4,0.464,0.371,0.717,4.6,77,225,2020,1,5
Isaiah Collier,UTA,20.0,71,25.9,8.7,3.3,6.3,0.9,0.2,2.9,0.422,0.249,0.682,-5.7,75,210,2024,1,29
Isaiah Hartenstein,OKC,27.0,57,27.9,11.2,10.7,3.8,0.8,1.1,1.7,0.581,0.0,0.675,7.3,84,250,2017,2,43
Isaiah Joe,OKC,25.0,74,21.7,10.2,2.6,1.6,0.6,0.1,0.5,0.44,0.412,0.821,7.4,75,165,2020,2,49
Isaiah Stewart,DET,24.0,72,19.9,6.0,5.5,1.7,0.4,1.4,0.9,0.559,0.321,0.759,0.1,80,250,2020,1,16
Isaiah Wong,CHA,24.0,20,13.3,6.0,1.6,1.4,0.6,0.0,0.9,0.39,0.394,0.735,-0.3,75,185,2023,2,55
Ivica Zubac,LAC,28.0,80,32.8,16.8,12.6,2.7,0.7,1.1,1.6,0.628,0.0,0.661,6.4,84,240,2016,2,32
JT Thor,WAS,22.0,20,12.5,3.6,2.4,0.3,0.4,0.5,0.5,0.424,0.286,0.682,-4.8,81,203,2021,2,37
Ja Morant,MEM,25.0,50,30.4,23.2,4.1,7.3,1.2,0.2,3.7,0.454,0.309,0.824,4.5,74,174,2019,1,2
Ja'Kobe Walter,TOR,20.0,52,21.2,8.6,3.1,1.6,0.8,0.2,1.0,0.405,0.349,0.795,-1.6,77,180,2024,1,19
Jabari Smith Jr.,HOU,22.0,57,30.1,12.2,7.0,1.1,0.4,0.7,1.1,0.438,0.354,0.825,4.4,82,220,2022,1,3
Jabari Walker,POR,22.0,60,12.5,5.2,3.5,0.6,0.6,0.1,0.6,0.515,0.389,0.69,0.3,79,237,2022,2,57
Jaden Hardy,DAL,22.0,57,15.9,8.7,1.6,1.4,0.5,0.1,1.4,0.435,0.386,0.698,-1.1,75,198,2022,2,37
Jaden Ivey,DET,23.0,30,29.9,17.6,4.1,4.0,0.9,0.4,3.0,0.46,0.409,0.733,-2.1,76,195,2022,1,5
Jaden McDaniels,MIN,24.0,82,31.9,12.2,5.7,2.0,1.3,0.9,1.2,0.477,0.33,0.813,2.1,81,185,2020,1,28
Jaden Springer,UTA,22.0,43,8.5,2.5,1.3,0.8,0.6,0.1,0.4,0.389,0.25,0.711,-0.7,76,202,2021,1,28
Jae'Sean Tate,HOU,29.0,52,11.3,3.6,2.3,0.9,0.5,0.1,0.4,0.473,0.348,0.681,1.0,76,230,Undrafted,Undrafted,Undrafted
Jaime Jaquez Jr.,MIA,24.0,66,20.7,8.6,4.4,2.5,0.9,0.2,1.5,0.461,0.311,0.754,-2.3,78,225,2023,1,18
Jake LaRavia,SAC,23.0,66,20.4,6.9,3.9,2.4,0.9,0.3,1.3,0.475,0.423,0.678,1.9,79,235,2022,1,19
Jakob Poeltl,TOR,29.0,57,29.6,14.5,9.6,2.8,1.2,1.2,1.9,0.627,0.333,0.674,-0.6,84,260,2016,1,9
Jalen Brunson,NYK,28.0,65,35.4,26.0,2.9,7.3,0.9,0.1,2.5,0.488,0.383,0.821,2.2,74,190,2018,2,33
Jalen Duren,DET,21.0,78,26.1,11.8,10.3,2.7,0.7,1.1,1.7,0.692,0.0,0.669,0.5,82,250,2022,1,13
Jalen Green,HOU,23.0,82,32.9,21.0,4.6,3.4,0.9,0.3,2.5,0.423,0.354,0.813,2.0,76,186,2021,1,2
Jalen Johnson,ATL,23.0,36,35.7,18.9,10.0,5.0,1.6,1.0,2.9,0.5,0.312,0.746,1.5,80,219,2021,1,20
Jalen Pickett,DEN,25.0,49,13.6,4.1,1.4,2.2,0.4,0.1,0.5,0.428,0.396,0.75,1.1,74,202,2023,2,32
Jalen Smith,CHI,25.0,64,15.0,8.2,5.6,1.0,0.3,0.7,0.6,0.466,0.324,0.809,-0.6,81,215,2020,1,10
Jalen Suggs,ORL,24.0,35,28.6,16.2,4.0,3.7,1.5,0.9,2.9,0.41,0.314,0.882,0.1,77,205,2021,1,5
Jalen Williams,OKC,24.0,69,32.4,21.6,5.3,5.1,1.6,0.7,2.2,0.484,0.365,0.789,6.6,77,211,2022,1,12
Jalen Wilson,BKN,24.0,79,25.7,9.5,3.4,1.8,0.5,0.1,1.0,0.397,0.337,0.818,-3.3,78,220,2023,2,51
Jamal Cain,NOP,26.0,37,13.6,5.3,2.3,0.6,0.6,0.2,0.6,0.43,0.325,0.68,-3.6,78,191,Undrafted,Undrafted,Undrafted
Jamal Murray,DEN,28.0,67,36.1,21.4,3.9,6.0,1.4,0.5,2.1,0.474,0.393,0.886,4.9,76,215,2016,1,7
Jamal Shead,TOR,22.0,75,19.6,7.1,1.5,4.2,0.8,0.1,1.6,0.405,0.323,0.768,-3.1,73,200,2024,2,45
James Harden,LAC,35.0,79,35.3,22.8,5.8,8.7,1.5,0.7,4.3,0.41,0.352,0.874,4.4,77,220,2009,1,3
Jamison Battle,TOR,24.0,59,17.7,7.1,2.7,0.9,0.3,0.2,0.5,0.429,0.405,0.889,-3.1,79,220,Undrafted,Undrafted,Undrafted
Jarace Walker,IND,21.0,75,15.8,6.1,3.1,1.5,0.7,0.3,1.0,0.472,0.405,0.667,-1.9,79,235,2023,1,8
Jared Butler,PHI,24.0,60,17.4,9.0,1.8,3.7,0.7,0.2,1.3,0.448,0.355,0.824,-2.2,75,193,2021,2,40
Jared McCain,PHI,21.0,23,25.7,15.3,2.4,2.6,0.7,0.0,1.6,0.46,0.383,0.875,-1.2,75,195,2024,1,16
Jaren Jackson Jr.,MEM,25.0,74,29.8,22.2,5.6,2.0,1.2,1.5,2.1,0.488,0.375,0.781,4.5,82,242,2018,1,4
Jarred Vanderbilt,LAL,26.0,36,16.1,4.1,5.1,1.1,1.0,0.3,0.8,0.488,0.281,0.556,1.0,80,214,2018,2,41
Jarrett Allen,CLE,27.0,82,28.0,13.5,9.7,1.9,0.9,0.9,1.2,0.706,0.0,0.718,6.3,81,243,2017,1,22
Javonte Green,CLE,31.0,68,18.5,5.1,3.2,0.8,1.0,0.5,0.5,0.429,0.326,0.724,-3.1,77,205,Undrafted,Undrafted,Undrafted
Jaxson Hayes,LAL,25.0,56,19.5,6.8,4.8,1.0,0.6,0.9,0.8,0.722,0.0,0.622,1.6,84,220,2019,1,8
Jay Huff,MEM,27.0,64,11.7,6.9,2.0,0.6,0.3,0.9,0.5,0.515,0.405,0.786,0.4,85,240,Undrafted,Undrafted,Undrafted
Jaylen Brown,BOS,28.0,63,34.3,22.2,5.8,4.5,1.2,0.3,2.6,0.463,0.324,0.764,6.4,78,223,2016,1,3
Jaylen Clark,MIN,23.0,40,13.0,4.1,1.3,0.7,0.9,0.1,0.2,0.467,0.431,0.784,1.1,76,205,2023,2,53
Jaylen Wells,MEM,21.0,79,25.9,10.4,3.4,1.7,0.6,0.1,0.9,0.425,0.352,0.822,2.4,80,,2024,2,39
Jaylin Williams,OKC,23.0,47,16.7,5.9,5.6,2.6,0.5,0.6,0.7,0.439,0.399,0.767,6.4,81,240,2022,2,34
Jaylon Tyson,CLE,22.0,47,9.6,3.6,2.0,0.9,0.3,0.1,0.6,0.43,0.345,0.792,0.0,78,215,2024,1,20
Jayson Tatum,BOS,27.0,72,36.4,26.8,8.7,6.0,1.1,0.5,2.9,0.452,0.343,0.814,7.4,80,210,2017,1,3
Jeff Dowtin Jr.,PHI,28.0,41,15.1,7.0,1.5,1.9,0.6,0.3,0.4,0.487,0.4,0.733,-2.5,75,177,Undrafted,Undrafted,Undrafted
Jeff Green,HOU,38.0,32,12.4,5.4,1.8,0.6,0.2,0.1,0.3,0.504,0.367,0.808,-1.2,80,235,2007,1,5
Jerami Grant,POR,31.0,47,32.4,14.4,3.5,2.1,0.9,1.0,1.4,0.373,0.365,0.849,-4.3,79,210,2014,2,39
Jeremiah Robinson-Earl,NOP,24.0,66,18.8,6.3,4.8,1.3,0.6,0.1,0.8,0.455,0.341,0.836,-5.0,80,240,2021,2,32
Jeremy Sochan,SAS,22.0,54,25.3,11.4,6.5,2.4,0.8,0.5,1.6,0.535,0.308,0.696,-1.6,80,230,2022,1,9
Jericho Sims,MIL,26.0,53,11.9,1.8,3.7,0.6,0.2,0.4,0.6,0.634,0.0,0.615,0.5,82,250,2021,2,58
Jett Howard,ORL,21.0,60,11.7,4.5,1.2,0.7,0.2,0.2,0.6,0.374,0.296,0.696,-1.4,78,215,2023,1,11
Jevon Carter,CHI,29.0,36,8.9,4.3,1.1,1.1,0.4,0.1,0.3,0.377,0.333,0.8,1.0,73,200,2018,2,32
Jimmy Butler III,GSW,35.0,55,31.7,17.5,5.4,5.4,1.4,0.3,1.3,0.504,0.308,0.842,4.5,79,230,2011,1,30
Jock Landale,HOU,29.0,42,11.9,4.8,3.3,0.9,0.3,0.2,0.5,0.533,0.423,0.675,-0.6,83,255,Undrafted,Undrafted,Undrafted
John Collins,UTA,27.0,40,30.5,19.0,8.2,2.0,1.0,1.0,2.6,0.527,0.399,0.848,-0.4,81,226,2017,1,19
John Konchar,MEM,29.0,46,12.1,2.4,3.3,0.9,0.7,0.3,0.3,0.451,0.371,0.875,1.3,77,210,Undrafted,Undrafted,Undrafted
Johnny Davis,WAS,23.0,34,7.1,2.4,1.1,0.3,0.4,0.2,0.2,0.41,0.241,0.6,-0.8,76,195,2022,1,10
Johnny Furphy,IND,20.0,50,7.6,2.1,1.4,0.4,0.4,0.2,0.2,0.38,0.3,0.818,0.4,81,200,2024,2,35
Johnny Juzang,UTA,24.0,64,19.8,8.9,2.9,1.1,0.6,0.1,0.6,0.429,0.376,0.849,-5.6,77,226,Undrafted,Undrafted,Undrafted
Jonas Valančiūnas,SAC,33.0,81,18.8,10.4,7.7,2.0,0.5,0.6,1.5,0.55,0.216,0.879,-3.8,83,265,2011,1,5
Jonathan Isaac,ORL,27.0,71,15.4,5.4,4.4,0.6,0.9,1.1,0.5,0.414,0.258,0.682,-0.5,82,230,2017,1,6
Jonathan Kuminga,GSW,22.0,47,24.3,15.3,4.6,2.2,0.8,0.4,1.5,0.454,0.305,0.668,0.2,79,225,2021,1,7
Jonathan Mogbo,TOR,23.0,63,20.4,6.2,4.9,2.3,0.9,0.5,1.1,0.438,0.243,0.732,-3.8,81,225,2024,2,31
Jordan Clarkson,UTA,33.0,37,26.0,16.2,3.2,3.7,0.8,0.2,2.3,0.408,0.362,0.797,-5.5,75,194,2014,2,46
Jordan Goodwin,LAL,26.0,29,18.7,5.6,3.9,1.4,1.0,0.4,0.9,0.438,0.382,0.818,-0.4,77,215,Undrafted,Undrafted,Undrafted
Jordan Hawkins,NOP,23.0,56,23.6,10.8,2.8,1.2,0.5,0.4,1.0,0.372,0.331,0.816,-5.7,77,190,2023,1,14
Jordan McLaughlin,SAS,29.0,46,6.8,2.1,0.7,1.1,0.3,0.0,0.3,0.431,0.413,0.773,1.2,72,185,Undrafted,Undrafted,Undrafted
Jordan Miller,LAC,25.0,37,11.4,4.1,1.6,0.9,0.5,0.1,0.7,0.433,0.211,0.8,-1.7,77,194,2023,2,48
Jordan Poole,WAS,26.0,68,29.4,20.5,3.0,4.5,1.3,0.4,3.0,0.432,0.378,0.883,-8.2,76,194,2019,1,28
Jordan Walsh,BOS,21.0,52,7.8,1.6,1.3,0.4,0.2,0.2,0.3,0.361,0.273,0.583,0.5,78,205,2023,2,38
Jose Alvarado,NOP,27.0,56,24.4,10.3,2.4,4.6,1.3,0.3,1.5,0.392,0.359,0.811,-4.1,72,179,Undrafted,Undrafted,Undrafted
Josh Giddey,CHI,22.0,70,30.2,14.6,8.1,7.2,1.2,0.6,2.9,0.465,0.378,0.781,-1.0,80,216,2021,1,6
Josh Green,CHA,24.0,68,27.8,7.4,2.5,1.6,1.1,0.2,1.0,0.428,0.391,0.681,-5.4,77,200,2020,1,18
Josh Hart,NYK,30.0,77,37.6,13.6,9.6,5.9,1.5,0.4,2.1,0.525,0.333,0.776,2.6,76,215,2017,1,30
Josh Minott,MIN,22.0,46,6.0,2.6,1.0,0.4,0.3,0.3,0.2,0.489,0.326,0.895,-0.3,80,205,2022,2,45
Josh Okogie,CHA,26.0,40,15.6,7.1,2.8,0.8,1.2,0.5,0.8,0.443,0.348,0.741,-0.3,76,213,2018,1,20
Jrue Holiday,BOS,35.0,62,30.6,11.1,4.3,3.9,1.1,0.4,1.2,0.443,0.353,0.909,5.5,76,205,2009,1,17
Julian Champagnie,SAS,24.0,82,23.6,9.9,3.9,1.4,0.7,0.4,0.9,0.415,0.371,0.904,-0.8,79,217,Undrafted,Undrafted,Undrafted
Julian Phillips,CHI,21.0,79,14.2,4.6,2.1,0.5,0.5,0.3,0.3,0.446,0.327,0.789,0.4,80,198,2023,2,35
Julian Strawther,DEN,23.0,65,21.3,9.0,2.2,1.3,0.6,0.2,0.9,0.432,0.349,0.822,-1.1,78,205,2023,1,29
Julius Randle,MIN,30.0,69,32.3,18.7,7.1,4.7,0.7,0.2,2.8,0.485,0.344,0.806,2.4,81,250,2014,1,7
Justin Champagnie,WAS,24.0,62,21.6,8.8,5.7,1.0,1.0,0.6,0.9,0.511,0.383,0.685,-4.6,78,206,Undrafted,Undrafted,Undrafted
Justin Edwards,PHI,21.0,44,26.2,10.1,3.4,1.6,1.0,0.4,1.1,0.455,0.363,0.696,-6.4,79,203,Undrafted,Undrafted,Undrafted
Jusuf Nurkić,CHA,30.0,51,20.8,8.9,7.8,2.3,0.8,0.7,1.9,0.477,0.305,0.664,-3.6,84,290,2014,1,16
KJ Martin,UTA,24.0,43,21.2,6.4,2.9,1.1,0.4,0.5,0.6,0.552,0.259,0.787,-3.3,78,215,2020,2,52
KJ Simpson,CHA,22.0,36,23.4,7.8,3.0,3.1,0.9,0.2,1.6,0.346,0.254,0.82,-7.7,72,189,2024,2,42
Kai Jones,DAL,24.0,40,11.7,5.0,3.1,0.6,0.4,0.6,0.5,0.798,0.2,0.719,-0.5,83,221,2021,1,19
Karl-Anthony Towns,NYK,29.0,72,35.0,24.4,12.8,3.1,1.0,0.7,2.7,0.526,0.42,0.829,5.3,84,248,2015,1,1
Karlo Matković,NOP,24.0,42,18.8,7.7,5.0,1.1,0.5,1.0,1.0,0.574,0.318,0.773,-2.1,82,231,2022,2,52
Kawhi Leonard,LAC,34.0,37,31.9,21.5,5.9,3.1,1.6,0.5,1.9,0.498,0.411,0.81,8.0,79,225,2011,1,15
Keaton Wallace,ATL,26.0,31,16.2,5.4,1.6,2.6,0.9,0.3,1.1,0.401,0.329,1.0,-0.6,75,185,Undrafted,Undrafted,Undrafted
Keegan Murray,SAC,24.0,76,34.3,12.4,6.7,1.4,0.8,0.9,0.8,0.444,0.343,0.833,0.6,80,225,2022,1,4
Kel'el Ware,MIA,21.0,64,22.2,9.3,7.4,0.9,0.6,1.1,0.9,0.554,0.315,0.687,0.6,84,230,2024,1,15
Keldon Johnson,SAS,25.0,77,23.9,12.7,4.8,1.6,0.6,0.3,1.0,0.482,0.318,0.773,-2.8,77,220,2019,1,29
Kelly Olynyk,NOP,34.0,44,20.2,8.7,4.7,2.9,0.8,0.4,1.7,0.5,0.418,0.769,-1.3,83,240,2013,1,13
Kelly Oubre Jr.,PHI,29.0,60,34.6,15.1,6.1,1.8,1.5,0.5,1.3,0.47,0.293,0.751,-4.3,80,203,2015,1,15
Kenrich Williams,OKC,30.0,69,16.4,6.3,3.5,1.4,0.6,0.1,0.6,0.483,0.386,0.718,4.8,78,210,Undrafted,Undrafted,Undrafted
Kentavious Caldwell-Pope,MEM,32.0,77,29.6,8.7,2.2,1.8,1.3,0.4,0.8,0.439,0.342,0.863,0.1,77,204,2013,1,8
Keon Ellis,SAC,25.0,80,24.4,8.3,2.7,1.5,1.5,0.8,0.9,0.489,0.433,0.849,0.8,76,175,Undrafted,Undrafted,Undrafted
Keon Johnson,BKN,23.0,79,24.4,10.6,3.8,2.2,1.0,0.4,1.5,0.389,0.314,0.77,-5.4,77,185,2021,1,21
Kessler Edwards,DAL,24.0,40,15.2,4.2,2.9,1.1,0.5,0.5,0.4,0.496,0.407,0.923,-4.0,79,203,2021,2,44
Kevin Durant,PHX,36.0,62,36.5,26.6,6.0,4.2,0.8,1.2,3.1,0.527,0.43,0.839,-0.6,83,240,2007,1,2
Kevin Huerter,CHI,26.0,69,24.3,9.9,3.0,2.3,1.0,0.3,1.0,0.425,0.338,0.714,1.5,79,198,2018,1,19
Kevin Love,MIA,36.0,23,10.9,5.3,4.1,1.0,0.7,0.2,0.6,0.357,0.358,0.696,-1.1,80,251,2008,1,5
Kevin Porter Jr.,MIL,25.0,75,19.8,10.3,3.7,3.4,1.1,0.2,1.8,0.449,0.311,0.769,0.4,76,203,2019,1,30
Kevon Looney,GSW,29.0,76,15.0,4.5,6.1,1.6,0.6,0.5,0.5,0.514,0.4,0.566,1.5,81,222,2015,1,30
Keyonte George,UTA,21.0,67,31.5,16.8,3.8,5.6,0.7,0.1,2.7,0.391,0.343,0.818,-7.6,76,185,2023,1,16
Khris Middleton,WAS,33.0,37,22.8,11.9,3.7,4.1,0.9,0.2,1.5,0.475,0.361,0.857,1.1,79,222,2012,2,39
Klay Thompson,DAL,35.0,72,27.3,14.0,3.4,2.0,0.7,0.4,1.2,0.412,0.391,0.905,-1.1,77,220,2011,1,11
Kobe Brown,LAC,25.0,40,6.8,1.9,1.6,0.6,0.2,0.1,0.3,0.458,0.231,0.714,-1.3,79,250,2023,1,30
Kris Dunn,LAC,31.0,74,24.1,6.4,3.4,2.8,1.7,0.4,1.0,0.439,0.335,0.682,3.5,75,205,2016,1,5
Kris Murray,POR,24.0,69,15.1,4.2,2.6,1.0,0.5,0.2,0.6,0.419,0.225,0.456,-0.7,80,216,2023,1,23
Kristaps Porziņģis,BOS,29.0,42,28.8,19.5,6.8,2.1,0.7,1.5,1.3,0.483,0.412,0.809,4.1,86,240,2015,1,4
Kyle Anderson,MIA,31.0,61,16.4,5.9,3.4,2.4,0.7,0.5,0.6,0.469,0.357,0.738,-0.4,81,230,2014,1,30
Kyle Filipowski,UTA,21.0,72,21.1,9.6,6.1,1.9,0.7,0.3,1.4,0.502,0.35,0.65,-5.1,83,250,2024,2,32
Kyle Kuzma,MIL,29.0,65,29.8,14.8,5.7,2.3,0.6,0.3,2.2,0.436,0.307,0.634,-6.4,81,221,2017,1,27
Kyle Lowry,PHI,39.0,35,18.8,3.9,1.9,2.7,0.9,0.3,0.6,0.35,0.33,0.818,-2.0,72,196,2006,1,24
Kyrie Irving,DAL,33.0,50,36.1,24.7,4.8,4.6,1.3,0.5,2.2,0.473,0.401,0.916,2.5,74,195,2011,1,1
Kyshawn George,WAS,21.0,68,26.5,8.7,4.2,2.5,1.0,0.7,1.4,0.372,0.322,0.753,-5.3,80,200,2024,1,24
LaMelo Ball,CHA,23.0,47,32.0,25.2,4.9,7.4,1.1,0.3,3.6,0.405,0.339,0.843,-2.8,79,180,2020,1,3
Landry Shamet,NYK,28.0,50,15.2,5.7,1.2,0.5,0.5,0.0,0.4,0.461,0.397,0.667,1.8,76,190,2018,1,26
Larry Nance Jr.,ATL,32.0,24,19.3,8.5,4.3,1.6,0.8,0.5,0.7,0.516,0.447,0.692,-4.0,80,245,2015,1,27
Lauri Markkanen,UTA,28.0,47,31.4,19.0,5.9,1.5,0.7,0.4,1.4,0.423,0.346,0.876,-4.0,84,240,2017,1,7
LeBron James,LAL,40.0,70,34.9,24.4,7.8,8.2,1.0,0.6,3.7,0.513,0.376,0.782,-0.8,81,250,2003,1,1
Lindy Waters III,DET,27.0,52,15.0,4.9,2.1,1.0,0.5,0.2,0.4,0.369,0.344,0.727,0.3,78,210,Undrafted,Undrafted,Undrafted
Lonnie Walker IV,PHI,26.0,20,23.8,12.4,3.2,2.5,0.5,0.3,1.3,0.42,0.354,0.8,-7.1,76,204,2018,1,18
Lonzo Ball,CHI,27.0,35,22.2,7.6,3.4,3.3,1.3,0.5,1.2,0.366,0.344,0.815,2.9,78,190,2017,1,2
Luguentz Dort,OKC,26.0,71,29.2,10.1,4.1,1.6,1.1,0.5,0.7,0.435,0.412,0.717,7.7,76,220,Undrafted,Undrafted,Undrafted
Luka Dončić,LAL,26.0,50,35.4,28.2,8.2,7.7,1.8,0.4,3.6,0.45,0.368,0.782,6.9,78,230,2018,1,3
Luka Garza,MIN,26.0,39,5.6,3.5,1.4,0.3,0.2,0.1,0.3,0.495,0.278,0.686,0.0,82,243,2021,2,52
Luke Kennard,MEM,29.0,65,22.6,8.9,2.8,3.3,0.8,0.1,1.1,0.478,0.433,0.895,1.9,77,206,2017,1,12
Luke Kornet,BOS,29.0,73,18.6,6.0,5.3,1.6,0.5,1.0,0.4,0.668,0.0,0.691,5.5,85,250,Undrafted,Undrafted,Undrafted
Malaki Branham,SAS,22.0,47,9.1,5.0,1.1,0.8,0.2,0.0,0.7,0.458,0.405,0.818,-0.7,76,180,2022,1,20
Malcolm Brogdon,WAS,32.0,24,23.5,12.7,3.8,4.1,0.5,0.2,1.6,0.433,0.286,0.88,-5.0,76,229,2016,2,36
Malik Beasley,DET,28.0,82,27.8,16.3,2.6,1.7,0.9,0.1,1.0,0.43,0.416,0.679,2.1,76,187,2016,1,19
Malik Monk,SAC,27.0,65,31.6,17.2,3.8,5.6,0.9,0.6,2.4,0.439,0.325,0.865,1.8,75,200,2017,1,11
MarJon Beauchamp,NYK,24.0,35,4.5,2.3,1.3,0.3,0.1,0.0,0.4,0.415,0.345,0.75,0.3,79,199,2022,1,24
Marcus Sasser,DET,24.0,57,14.2,6.6,1.2,2.3,0.6,0.1,0.9,0.463,0.382,0.843,0.7,74,195,2023,1,25
Marcus Smart,WAS,31.0,34,20.0,9.0,2.1,3.2,1.1,0.3,1.6,0.393,0.348,0.761,1.2,75,220,2014,1,6
Mark Williams,CHA,23.0,44,26.6,15.3,10.2,2.5,0.7,1.2,1.6,0.604,0.0,0.804,-6.8,84,240,2022,1,15
Markelle Fultz,SAC,27.0,21,8.8,2.9,1.0,1.3,0.5,0.1,0.7,0.418,0.5,1.0,0.2,76,209,2017,1,1
Marvin Bagley III,MEM,26.0,31,8.6,4.4,2.7,0.4,0.3,0.3,0.4,0.519,0.158,0.657,-0.3,82,235,2018,1,2
Mason Plumlee,PHX,35.0,74,17.6,4.5,6.1,1.8,0.4,0.6,0.8,0.619,0.0,0.648,0.7,82,254,2013,1,22
Matas Buzelis,CHI,20.0,80,18.9,8.6,3.5,1.0,0.4,0.9,0.9,0.454,0.361,0.815,-0.4,82,209,2024,1,11
Max Christie,DAL,22.0,78,27.3,9.6,3.3,1.9,0.8,0.4,1.1,0.427,0.366,0.855,-1.1,77,190,2022,2,35
Max Strus,CLE,29.0,50,25.5,9.4,4.3,3.2,0.5,0.2,1.1,0.442,0.386,0.824,4.4,77,215,Undrafted,Undrafted,Undrafted
Maxi Kleber,LAL,33.0,34,18.7,3.0,2.8,1.3,0.3,0.5,0.7,0.385,0.265,0.762,-0.5,82,240,Undrafted,Undrafted,Undrafted
Maxwell Lewis,BKN,22.0,28,11.7,4.1,2.0,0.7,0.3,0.3,0.5,0.417,0.38,0.7,-2.4,79,215,2023,2,40
Micah Potter,UTA,27.0,38,18.6,4.3,4.3,0.8,0.4,0.4,0.8,0.422,0.316,0.85,-2.7,81,248,Undrafted,Undrafted,Undrafted
Michael Porter Jr.,DEN,27.0,77,33.7,18.2,7.0,2.1,0.6,0.5,1.4,0.504,0.395,0.768,3.4,82,218,2018,1,14
Mikal Bridges,NYK,28.0,82,37.0,17.6,3.2,3.7,0.9,0.5,1.6,0.5,0.354,0.814,4.1,78,209,2018,1,10
Mike Conley,MIN,37.0,71,24.7,8.2,2.6,4.5,1.1,0.2,1.1,0.4,0.41,0.9,3.7,72,175,2007,1,4
Miles Bridges,CHA,27.0,64,31.7,20.3,7.5,3.9,0.7,0.7,2.1,0.431,0.313,0.87,-4.0,79,225,2018,1,12
Miles McBride,NYK,24.0,64,24.9,9.5,2.5,2.9,1.0,0.3,0.6,0.406,0.369,0.813,3.3,73,195,2021,2,36
Mo Bamba,NOP,27.0,32,12.9,4.3,4.5,0.6,0.3,1.0,0.6,0.464,0.278,0.704,-2.3,84,231,2018,1,6
Monte Morris,PHX,30.0,45,12.7,5.2,1.5,1.6,0.4,0.1,0.5,0.426,0.36,0.857,1.0,74,183,2017,2,51
Moritz Wagner,ORL,28.0,30,18.8,12.9,4.9,1.4,0.8,0.4,1.6,0.562,0.36,0.718,-0.6,83,245,2018,1,25
Moses Moody,GSW,23.0,74,22.3,9.8,2.6,1.3,0.8,0.4,0.7,0.433,0.374,0.797,1.8,77,211,2021,1,14
Mouhamed Gueye,ATL,22.0,33,16.1,6.0,4.2,0.8,0.8,1.0,0.5,0.421,0.259,0.762,2.6,82,210,2023,2,39
Moussa Diabaté,CHA,23.0,71,17.5,5.7,6.2,0.8,0.6,0.6,0.9,0.596,0.0,0.595,-1.7,81,210,2022,2,43
Myles Turner,IND,29.0,72,30.2,15.6,6.5,1.5,0.8,2.0,1.7,0.481,0.396,0.773,2.8,83,250,2015,1,11
Naji Marshall,DAL,27.0,69,27.8,13.2,4.8,3.0,1.0,0.2,1.6,0.508,0.275,0.813,-2.0,78,220,Undrafted,Undrafted,Undrafted
Nate Williams,HOU,26.0,20,7.3,3.3,0.7,0.5,0.4,0.2,0.7,0.435,0.231,0.625,-1.2,77,205,Undrafted,Undrafted,Undrafted
Naz Reid,MIN,25.0,80,27.5,14.2,6.0,2.3,0.7,0.9,1.4,0.462,0.379,0.776,4.3,81,264,Undrafted,Undrafted,Undrafted
Neemias Queta,BOS,25.0,62,13.9,5.0,3.8,0.7,0.3,0.7,0.6,0.65,0.0,0.754,2.5,84,248,2021,2,39
Nic Claxton,BKN,26.0,70,26.9,10.3,7.4,2.2,0.9,1.4,1.2,0.563,0.238,0.513,-7.1,83,215,2019,2,31
Nick Richards,PHX,27.0,57,22.0,9.3,8.2,0.9,0.2,1.0,1.4,0.591,0.0,0.744,-4.1,84,245,2020,2,42
Nick Smith Jr.,CHA,21.0,60,22.8,9.9,2.1,2.4,0.3,0.1,1.4,0.391,0.34,0.935,-6.6,74,185,2023,1,27
Nickeil Alexander-Walker,MIN,26.0,82,25.3,9.4,3.2,2.7,0.6,0.4,1.2,0.438,0.381,0.78,3.3,77,205,2019,1,17
Nicolas Batum,LAC,36.0,78,17.5,4.0,2.8,1.1,0.7,0.5,0.4,0.437,0.433,0.81,1.9,80,230,2008,1,25
Nikola Jokić,DEN,30.0,70,36.7,29.6,12.7,10.2,1.8,0.6,3.3,0.576,0.417,0.8,8.5,83,284,2014,2,41
Nikola Jović,MIA,22.0,46,25.1,10.7,3.9,2.8,0.8,0.3,1.3,0.456,0.371,0.828,-0.4,82,205,2022,1,27
Nikola Vučević,CHI,34.0,73,31.2,18.5,10.1,3.5,0.8,0.7,1.6,0.53,0.402,0.805,-1.3,82,260,2011,1,16
Noah Clowney,BKN,20.0,46,22.7,9.1,3.9,0.9,0.5,0.5,1.0,0.358,0.333,0.838,-5.7,81,210,2023,1,21
Norman Powell,LAC,32.0,60,32.6,21.8,3.2,2.1,1.2,0.2,1.8,0.484,0.418,0.804,5.9,76,215,2015,2,46
OG Anunoby,NYK,27.0,74,36.6,18.0,4.8,2.2,1.5,0.9,1.4,0.476,0.372,0.81,4.1,79,240,2017,1,23
Obi Toppin,IND,27.0,79,19.6,10.5,4.0,1.6,0.6,0.4,0.9,0.529,0.365,0.781,-1.0,81,220,2020,1,8
Ochai Agbaji,TOR,25.0,64,27.2,10.4,3.8,1.5,0.9,0.5,0.8,0.498,0.399,0.708,-3.3,77,215,2022,1,14
Olivier-Maxence Prosper,DAL,22.0,52,11.2,3.9,2.4,0.8,0.5,0.1,0.3,0.402,0.235,0.645,-2.0,79,230,2023,1,24
Onyeka Okongwu,ATL,24.0,74,27.9,13.4,8.9,2.3,0.9,0.9,1.2,0.567,0.324,0.759,0.5,82,240,2020,1,6
Orlando Robinson,TOR,24.0,44,17.5,6.9,5.0,1.8,0.4,0.4,1.1,0.444,0.327,0.771,-2.0,82,235,Undrafted,Undrafted,Undrafted
Oso Ighodaro,PHX,22.0,61,17.1,4.2,3.6,1.2,0.5,0.5,0.6,0.604,0.0,0.58,-0.3,84,235,2024,2,40
Ousmane Dieng,OKC,22.0,37,10.9,3.8,2.2,0.8,0.5,0.2,0.5,0.432,0.324,0.688,1.2,81,185,2022,1,11
P.J. Washington,DAL,26.0,57,32.2,14.7,7.8,2.3,1.1,1.1,2.1,0.453,0.381,0.722,0.9,78,230,2019,1,12
Paolo Banchero,ORL,22.0,46,34.4,25.9,7.5,4.8,0.8,0.6,3.0,0.452,0.32,0.727,-0.5,82,250,2022,1,1
Pascal Siakam,IND,31.0,78,32.7,20.2,6.9,3.4,0.9,0.5,1.4,0.519,0.389,0.734,4.0,80,245,2016,1,27
Pat Connaughton,MIL,32.0,41,14.7,5.3,2.7,1.7,0.2,0.3,0.6,0.469,0.321,0.774,-0.3,77,209,2015,2,41
Pat Spencer,GSW,28.0,39,6.4,2.5,1.2,1.2,0.4,0.1,0.5,0.406,0.227,0.733,-0.4,75,205,Undrafted,Undrafted,Undrafted
Patrick Baldwin Jr.,LAC,22.0,24,4.4,2.2,1.0,0.1,0.1,0.1,0.2,0.543,0.565,0.5,1.2,81,220,2022,1,28
Patrick Williams,CHI,23.0,63,25.0,9.0,3.8,2.0,0.8,0.5,1.4,0.397,0.353,0.723,-2.9,79,215,2020,1,4
Patty Mills,LAC,36.0,29,11.1,3.8,0.8,0.9,0.4,0.1,0.6,0.375,0.347,0.929,-0.5,74,180,2009,2,55
Paul George,PHI,35.0,41,32.5,16.2,5.3,4.3,1.8,0.5,2.6,0.43,0.358,0.814,-2.0,80,220,2010,1,10
Paul Reed,DET,26.0,45,9.7,4.1,2.7,1.0,0.9,0.6,0.6,0.507,0.286,0.762,1.0,81,210,2020,2,58
Payton Pritchard,BOS,27.0,80,28.4,14.3,3.8,3.5,0.9,0.2,1.0,0.472,0.407,0.845,5.4,73,195,2020,1,26
Pelle Larsson,MIA,24.0,55,14.2,4.6,1.7,1.2,0.6,0.1,0.4,0.438,0.337,0.672,0.2,77,215,2024,2,44
Peyton Watson,DEN,22.0,68,24.3,8.1,3.4,1.4,0.7,1.4,0.8,0.477,0.353,0.693,-0.4,79,200,2022,1,30
Precious Achiuwa,NYK,25.0,57,20.5,6.6,5.6,1.0,0.8,0.7,0.8,0.502,0.278,0.594,-0.8,80,243,2020,1,20
Quentin Grimes,PHI,25.0,75,26.8,14.6,4.3,3.0,1.0,0.3,1.9,0.467,0.385,0.757,-3.5,76,210,2021,1,25
Quenton Jackson,IND,26.0,28,13.6,5.8,1.6,1.9,0.8,0.2,0.6,0.475,0.375,0.775,0.0,77,173,Undrafted,Undrafted,Undrafted
Quinten Post,GSW,25.0,42,16.3,8.1,3.5,1.3,0.4,0.4,0.8,0.449,0.408,0.778,1.0,84,238,2024,2,52
RJ Barrett,TOR,25.0,58,32.2,21.1,6.3,5.4,0.8,0.3,2.9,0.468,0.35,0.63,-2.4,78,214,2019,1,3
Rayan Rupert,POR,21.0,52,8.8,3.0,1.3,0.5,0.3,0.1,0.6,0.408,0.271,0.767,-1.7,78,195,2023,2,43
Reece Beekman,BKN,23.0,36,13.0,2.6,1.1,1.8,0.9,0.1,0.6,0.327,0.175,0.762,-3.3,75,190,Undrafted,Undrafted,Undrafted
Reed Sheppard,HOU,21.0,52,12.6,4.4,1.5,1.4,0.7,0.3,0.7,0.351,0.338,0.813,-1.0,74,185,2024,1,3
Reggie Jackson,PHI,35.0,31,12.4,4.4,1.4,1.5,0.5,0.1,0.5,0.391,0.338,0.778,-0.6,74,208,2011,1,24
Richaun Holmes,WAS,31.0,31,17.2,7.4,5.7,1.4,0.3,0.7,0.7,0.647,0.0,0.833,-1.2,81,235,2015,2,37
Ricky Council IV,PHI,23.0,73,17.1,7.3,2.9,1.3,0.4,0.2,0.7,0.382,0.258,0.804,-2.2,78,207,Undrafted,Undrafted,Undrafted
Rob Dillingham,MIN,20.0,49,10.5,4.5,1.0,2.0,0.4,0.0,1.1,0.441,0.338,0.533,0.4,75,175,2024,1,8
Robert Williams III,POR,27.0,20,17.6,5.8,5.9,1.1,0.7,1.7,0.9,0.641,0.333,0.882,-0.9,81,249,2018,1,27
Ronald Holland II,DET,19.0,81,15.6,6.4,2.7,1.0,0.6,0.2,0.9,0.474,0.238,0.754,-0.7,80,206,2024,1,5
Royce O'Neale,PHX,32.0,75,24.5,9.1,4.7,2.2,0.9,0.4,0.9,0.423,0.406,0.731,-2.1,78,226,Undrafted,Undrafted,Undrafted
Rudy Gobert,MIN,33.0,72,33.2,12.0,10.9,1.8,0.8,1.4,1.2,0.669,0.0,0.674,4.5,85,258,2013,1,27
Rui Hachimura,LAL,27.0,59,31.7,13.1,5.0,1.4,0.8,0.4,0.8,0.509,0.413,0.77,2.7,80,230,2019,1,9
Russell Westbrook,DEN,36.0,75,27.9,13.3,4.9,6.1,1.4,0.5,3.2,0.449,0.323,0.661,-0.3,76,200,2008,1,4
Ryan Dunn,PHX,22.0,74,19.1,6.9,3.6,0.8,0.6,0.5,0.5,0.43,0.311,0.487,-2.3,80,216,2024,1,28
Ryan Rollins,MIL,22.0,56,14.6,6.2,1.9,1.9,0.8,0.3,0.9,0.487,0.408,0.8,1.5,75,180,2022,2,44
Sam Hauser,BOS,27.0,71,21.7,8.5,3.2,0.9,0.6,0.2,0.3,0.451,0.416,1.0,4.6,79,217,Undrafted,Undrafted,Undrafted
Sam Merrill,CLE,29.0,71,19.7,7.2,2.2,1.5,0.7,0.2,0.5,0.406,0.372,0.966,4.5,76,205,2020,2,60
Sandro Mamukelashvili,SAS,26.0,61,11.2,6.3,3.1,0.8,0.4,0.3,0.4,0.502,0.373,0.741,-0.5,81,240,2021,2,54
Santi Aldama,MEM,24.0,65,25.5,12.5,6.4,2.9,0.8,0.4,1.1,0.483,0.368,0.691,2.3,84,215,2021,1,30
Scoot Henderson,POR,21.0,66,26.7,12.7,3.0,5.1,1.0,0.2,2.7,0.419,0.354,0.767,-0.6,75,206,2023,1,3
Scottie Barnes,TOR,23.0,65,32.8,19.3,7.7,5.8,1.4,1.0,2.8,0.446,0.271,0.755,-2.0,79,237,2021,1,4
Scotty Pippen Jr.,MEM,24.0,79,21.3,9.9,3.3,4.4,1.3,0.4,1.7,0.48,0.397,0.713,0.6,73,170,Undrafted,Undrafted,Undrafted
Seth Curry,CHA,34.0,68,15.6,6.5,1.7,0.9,0.4,0.1,0.5,0.478,0.456,0.846,-2.5,73,185,Undrafted,Undrafted,Undrafted
Shaedon Sharpe,POR,22.0,72,31.3,18.5,4.5,2.8,0.9,0.2,2.1,0.452,0.311,0.785,-1.9,77,208,2022,1,7
Shai Gilgeous-Alexander,OKC,26.0,76,34.2,32.7,5.0,6.4,1.7,1.0,2.4,0.519,0.375,0.898,12.1,78,195,2018,1,11
Shake Milton,LAL,28.0,57,14.7,5.5,1.8,1.8,0.4,0.1,0.7,0.453,0.358,0.797,-2.1,77,205,2018,2,54
Sidy Cissoko,POR,21.0,22,5.2,1.5,1.0,0.7,0.1,0.0,0.5,0.433,0.231,0.333,0.4,78,200,2023,2,44
Simone Fontecchio,DET,29.0,75,16.5,5.9,2.9,0.9,0.4,0.2,0.7,0.402,0.335,0.833,0.2,79,209,Undrafted,Undrafted,Undrafted
Spencer Dinwiddie,DAL,32.0,79,27.0,11.0,2.6,4.4,0.9,0.2,1.3,0.416,0.334,0.802,-2.8,77,215,2014,2,38
Spencer Jones,DEN,24.0,20,6.2,1.3,0.9,0.3,0.3,0.3,0.3,0.324,0.059,1.0,-2.3,79,225,Undrafted,Undrafted,Undrafted
Stanley Umude,MIL,26.0,22,3.9,0.7,0.8,0.2,0.1,0.3,0.1,0.192,0.2,0.5,-0.7,78,210,Undrafted,Undrafted,Undrafted
Stephen Curry,GSW,37.0,70,32.2,24.5,4.4,6.0,1.1,0.4,2.9,0.448,0.397,0.933,4.3,74,185,2009,1,7
Stephon Castle,SAS,20.0,81,26.7,14.7,3.7,4.1,0.9,0.3,2.2,0.428,0.285,0.724,-3.0,78,215,2024,1,4
Steven Adams,HOU,31.0,58,13.7,3.9,5.6,1.1,0.4,0.5,0.9,0.545,0.0,0.462,3.0,83,265,2013,1,12
Svi Mykhailiuk,UTA,28.0,38,20.0,8.8,2.4,2.0,0.5,0.2,1.4,0.391,0.345,0.8,-2.8,79,205,2018,2,47
T.J. McConnell,IND,33.0,79,17.9,9.1,2.4,4.4,1.1,0.3,1.4,0.519,0.306,0.74,-0.7,73,190,2015,0,
Taj Gibson,CHA,40.0,37,11.1,2.9,3.2,0.6,0.2,0.5,0.7,0.495,0.5,0.6,-3.4,81,232,2009,1,26
Talen Horton-Tucker,CHI,24.0,58,12.5,6.5,1.7,1.4,0.4,0.2,0.7,0.457,0.336,0.735,0.3,76,234,2019,2,46
Tari Eason,HOU,24.0,57,24.9,12.0,6.4,1.5,1.7,0.9,1.1,0.487,0.342,0.76,2.5,80,215,2022,1,17
Taurean Prince,MIL,31.0,80,27.1,8.2,3.6,1.9,1.0,0.2,1.0,0.457,0.439,0.813,-0.3,78,218,2016,1,12
Terance Mann,ATL,28.0,67,21.1,7.7,3.0,1.8,0.7,0.2,0.7,0.496,0.368,0.691,-1.4,77,215,2019,2,48
Terrence Shannon Jr.,MIN,24.0,32,10.6,4.3,1.5,1.0,0.2,0.2,0.5,0.482,0.355,0.81,0.3,78,215,2024,1,27
Terry Rozier,MIA,31.0,64,25.9,10.6,3.7,2.6,0.6,0.2,1.2,0.391,0.295,0.852,-2.2,73,190,2015,1,16
Thomas Bryant,IND,27.0,66,14.6,6.5,3.8,0.8,0.4,0.6,0.5,0.508,0.324,0.859,-0.6,82,248,2017,2,42
Tidjane Salaün,CHA,19.0,60,20.7,5.9,4.7,1.2,0.5,0.2,1.0,0.33,0.283,0.713,-5.4,80,207,2024,1,6
Tim Hardaway Jr.,DET,33.0,77,28.0,11.0,2.4,1.6,0.5,0.1,0.6,0.406,0.368,0.855,0.3,77,205,2013,1,24
Tobias Harris,DET,32.0,73,31.6,13.7,5.9,2.2,1.0,0.8,1.2,0.477,0.345,0.861,2.6,80,226,2011,1,19
Torrey Craig,BOS,34.0,26,12.1,4.2,2.8,0.7,0.3,0.5,0.3,0.422,0.364,0.667,-1.9,77,221,Undrafted,Undrafted,Undrafted
Tosan Evbuomwan,BKN,24.0,28,23.7,9.5,4.3,2.0,0.9,0.4,1.4,0.427,0.312,0.753,-2.4,79,217,Undrafted,Undrafted,Undrafted
Toumani Camara,POR,25.0,78,32.7,11.3,5.8,2.2,1.5,0.6,1.4,0.458,0.375,0.722,-1.5,79,229,2023,2,52
Trae Young,ATL,26.0,76,36.0,24.2,3.1,11.6,1.2,0.2,4.7,0.411,0.34,0.875,0.4,73,164,2018,1,5
Trayce Jackson-Davis,GSW,25.0,62,15.6,6.6,5.0,1.7,0.4,0.6,0.7,0.576,0.0,0.578,-1.0,81,245,2023,2,57
Tre Jones,CHI,25.0,46,19.7,7.2,2.5,4.2,0.8,0.2,0.8,0.538,0.396,0.821,-0.7,73,185,2020,2,41
Trendon Watford,BKN,24.0,44,20.7,10.2,3.6,2.6,0.6,0.3,1.9,0.469,0.33,0.762,-1.5,80,237,Undrafted,Undrafted,Undrafted
Trevelin Queen,ORL,28.0,31,13.9,4.9,1.7,1.2,1.0,0.3,0.7,0.381,0.286,0.857,-2.8,77,190,Undrafted,Undrafted,Undrafted
Trey Alexander,DEN,22.0,24,4.9,1.3,0.5,0.5,0.1,0.0,0.2,0.317,0.176,0.75,-1.0,76,185,Undrafted,Undrafted,Undrafted
Trey Jemison III,LAL,25.0,38,10.3,2.5,2.8,0.4,0.2,0.4,0.6,0.554,0.0,0.394,-0.5,83,270,Undrafted,Undrafted,Undrafted
Trey Lyles,SAC,29.0,69,19.6,6.5,4.6,1.2,0.6,0.3,0.6,0.42,0.34,0.7,-1.0,81,234,2015,1,12
Trey Murphy III,NOP,25.0,53,35.0,21.2,5.1,3.5,1.1,0.7,1.9,0.454,0.361,0.887,-7.2,80,206,2021,1,17
Tristan Thompson,CLE,34.0,40,8.2,1.7,3.4,0.6,0.1,0.3,0.4,0.437,0.0,0.233,-2.1,81,254,2011,1,4
Tristan Vukcevic,WAS,22.0,35,14.6,9.4,3.7,1.1,0.3,0.7,1.2,0.496,0.373,0.776,-3.6,84,220,2023,2,42
Tristan da Silva,ORL,24.0,74,22.0,7.2,3.3,1.5,0.4,0.2,0.8,0.412,0.335,0.873,-1.7,80,217,2024,1,18
Ty Jerome,CLE,27.0,70,19.9,12.5,2.5,3.4,1.1,0.0,1.3,0.516,0.439,0.872,4.3,77,195,2019,1,24
Tyler Herro,MIA,25.0,77,35.4,23.9,5.2,5.5,0.9,0.2,2.6,0.472,0.375,0.878,1.3,77,195,2019,1,13
Tyler Kolek,NYK,24.0,41,7.2,2.0,0.7,1.7,0.3,0.1,0.4,0.329,0.298,0.765,0.0,75,195,2024,2,34
Tyler Smith,MIL,20.0,23,5.3,2.9,1.1,0.2,0.1,0.2,0.3,0.48,0.433,0.75,0.3,81,224,2024,2,33
Tyrese Haliburton,IND,25.0,73,33.6,18.6,3.5,9.2,1.4,0.7,1.6,0.473,0.388,0.851,3.0,77,185,2020,1,12
Tyrese Martin,BKN,26.0,60,21.9,8.7,3.7,2.0,0.6,0.2,1.2,0.406,0.351,0.793,-4.3,78,215,2022,2,51
Tyrese Maxey,PHI,24.0,52,37.7,26.3,3.3,6.1,1.8,0.4,2.4,0.437,0.337,0.879,-2.4,74,200,2020,1,21
Tyus Jones,PHX,29.0,81,26.8,10.2,2.4,5.3,0.9,0.1,1.1,0.448,0.414,0.895,-1.1,73,196,2015,1,24
Vasilije Micic,PHX,31.0,41,19.1,6.6,2.2,3.1,0.4,0.0,1.9,0.348,0.36,0.829,-3.0,75,188,2014,2,52
Victor Wembanyama,SAS,21.0,46,33.2,24.3,11.0,3.7,1.1,3.8,3.2,0.476,0.352,0.836,2.2,87,235,2023,1,1
Vince Williams Jr.,MEM,24.0,27,18.5,6.6,3.6,2.0,0.4,0.3,1.2,0.401,0.274,0.792,0.2,76,205,2022,2,47
Vít Krejčí,ATL,25.0,57,20.2,7.2,2.7,2.6,0.6,0.5,0.9,0.497,0.437,0.711,-1.2,80,195,2020,2,37
Walker Kessler,UTA,23.0,58,30.0,11.1,12.2,1.7,0.6,2.4,1.5,0.663,0.176,0.52,-5.7,84,245,2022,1,22
Wendell Carter Jr.,ORL,26.0,68,25.9,9.1,7.2,2.0,0.8,0.6,1.1,0.46,0.234,0.737,-0.2,82,270,2018,1,7
Wendell Moore Jr.,CHA,23.0,36,13.9,4.2,2.6,1.2,0.6,0.1,0.8,0.468,0.341,0.818,-3.7,77,215,2022,1,26
Xavier Tillman,BOS,26.0,33,7.0,1.0,1.3,0.2,0.3,0.2,0.4,0.245,0.156,0.75,-0.4,79,245,2020,2,35
Yuki Kawamura,MEM,24.0,22,4.2,1.6,0.5,0.9,0.1,0.0,0.2,0.367,0.304,0.778,1.2,68,159,Undrafted,Undrafted,Undrafted
Yves Missi,NOP,21.0,73,26.8,9.1,8.2,1.4,0.5,1.3,1.1,0.547,0.0,0.623,-7.0,83,235,2024,1,21
Zaccharie Risacher,ATL,20.0,75,24.6,12.6,3.6,1.2,0.7,0.5,1.2,0.458,0.355,0.711,-1.6,80,200,2024,1,1
Zach Collins,CHI,27.0,64,15.3,6.4,4.5,1.7,0.5,0.5,0.9,0.507,0.302,0.885,-0.5,83,250,2017,1,10
Zach Edey,MEM,23.0,66,21.5,9.2,8.3,1.0,0.5,1.3,1.3,0.58,0.346,0.709,2.5,88,305,2024,1,9
Zach LaVine,SAC,30.0,74,35.2,23.3,4.3,4.2,0.8,0.2,2.8,0.511,0.446,0.825,-0.9,77,200,2014,1,13
Zeke Nnaji,DEN,24.0,57,10.7,3.2,1.6,0.4,0.4,0.7,0.2,0.496,0.327,0.614,-0.4,81,240,2020,1,22
Ziaire Williams,BKN,23.0,63,24.5,10.0,4.6,1.3,1.0,0.4,1.1,0.412,0.341,0.821,-5.2,81,185,2021,1,10
Zion Williamson,NOP,24.0,30,28.6,24.6,7.2,5.3,1.2,0.9,3.0,0.567,0.231,0.656,-1.4,78,284,2019,1,1
